list,part,item_id,cond_id,type,type_id,target_gender,gender_match,orig_item_number,case,animacy,word_nr,word,response_true,response_chosen,correctness,first_duration,total_duration,gaze_duration,right_bounded_rt,go_past_time,FPFix,FPReg
2,adjectives,4,c,stim_adj,1,F,Match,0,0,Inanim,0,У,нет,нет,1.0,0.0,0.0,0.0,0.0,0.0,0.0,0.0
2,adjectives,4,c,stim_adj,1,F,Match,0,0,Inanim,1,бабушки,нет,нет,1.0,748.0,947.0,748.0,947.0,947.0,1.0,0.0
2,adjectives,4,c,stim_adj,1,F,Match,0,0,Inanim,2,старая,нет,нет,1.0,201.0,201.0,201.0,201.0,201.0,1.0,0.0
2,adjectives,4,c,stim_adj,1,F,Match,0,0,Inanim,3,духовка,нет,нет,1.0,349.0,349.0,349.0,349.0,349.0,1.0,0.0
2,adjectives,4,c,stim_adj,1,F,Match,0,0,Inanim,4,уже,нет,нет,1.0,0.0,0.0,0.0,0.0,0.0,0.0,0.0
2,adjectives,4,c,stim_adj,1,F,Match,0,0,Inanim,5,год,нет,нет,1.0,0.0,0.0,0.0,0.0,0.0,0.0,0.0
2,adjectives,4,c,stim_adj,1,F,Match,0,0,Inanim,6,плохо,нет,нет,1.0,200.0,200.0,200.0,200.0,200.0,1.0,0.0
2,adjectives,4,c,stim_adj,1,F,Match,0,0,Inanim,7,работает.,нет,нет,1.0,349.0,349.0,349.0,349.0,349.0,1.0,0.0
2,adjectives,5,d,stim_adj,1,M,Mis,0,0,Inanim,0,На,нет,нет,1.0,752.0,1002.0,0.0,0.0,0.0,0.0,0.0
2,adjectives,5,d,stim_adj,1,M,Mis,0,0,Inanim,1,стене,нет,нет,1.0,299.0,1148.0,0.0,0.0,0.0,0.0,0.0
2,adjectives,5,d,stim_adj,1,M,Mis,0,0,Inanim,2,рваная,нет,нет,1.0,0.0,0.0,0.0,0.0,0.0,0.0,0.0
2,adjectives,5,d,stim_adj,1,M,Mis,0,0,Inanim,3,плакат,нет,нет,1.0,200.0,1149.0,200.0,400.0,2100.0,1.0,1.0
2,adjectives,5,d,stim_adj,1,M,Mis,0,0,Inanim,4,давно,нет,нет,1.0,501.0,901.0,501.0,501.0,501.0,1.0,0.0
2,adjectives,5,d,stim_adj,1,M,Mis,0,0,Inanim,5,еле-еле,нет,нет,1.0,249.0,698.0,249.0,249.0,549.0,1.0,1.0
2,adjectives,5,d,stim_adj,1,M,Mis,0,0,Inanim,6,держится.,нет,нет,1.0,450.0,951.0,450.0,450.0,700.0,1.0,1.0
2,adjectives,6,a,stim_adj,1,M,Match,0,0,Inanim,0,В,нет,нет,1.0,400.0,400.0,400.0,400.0,400.0,1.0,0.0
2,adjectives,6,a,stim_adj,1,M,Match,0,0,Inanim,1,комнате,нет,нет,1.0,999.0,999.0,999.0,999.0,999.0,1.0,0.0
2,adjectives,6,a,stim_adj,1,M,Match,0,0,Inanim,2,странный,нет,нет,1.0,551.0,551.0,551.0,551.0,551.0,1.0,0.0
2,adjectives,6,a,stim_adj,1,M,Match,0,0,Inanim,3,пакет,нет,нет,1.0,500.0,500.0,500.0,500.0,500.0,1.0,0.0
2,adjectives,6,a,stim_adj,1,M,Match,0,0,Inanim,4,в,нет,нет,1.0,0.0,0.0,0.0,0.0,0.0,0.0,0.0
2,adjectives,6,a,stim_adj,1,M,Match,0,0,Inanim,5,углу,нет,нет,1.0,0.0,0.0,0.0,0.0,0.0,0.0,0.0
2,adjectives,6,a,stim_adj,1,M,Match,0,0,Inanim,6,привлекает,нет,нет,1.0,601.0,601.0,601.0,601.0,601.0,1.0,0.0
2,adjectives,6,a,stim_adj,1,M,Match,0,0,Inanim,7,внимание.,нет,нет,1.0,0.0,0.0,0.0,0.0,0.0,0.0,0.0
2,adjectives,7,b,stim_adj,1,F,Mis,0,0,Inanim,0,В,Да,Да,1.0,449.0,449.0,449.0,449.0,449.0,1.0,0.0
2,adjectives,7,b,stim_adj,1,F,Mis,0,0,Inanim,1,холодильнике,Да,Да,1.0,500.0,500.0,500.0,500.0,500.0,1.0,0.0
2,adjectives,7,b,stim_adj,1,F,Mis,0,0,Inanim,2,готовый,Да,Да,1.0,399.0,399.0,399.0,399.0,399.0,1.0,0.0
2,adjectives,7,b,stim_adj,1,F,Mis,0,0,Inanim,3,колбаса,Да,Да,1.0,450.0,450.0,450.0,450.0,450.0,1.0,0.0
2,adjectives,7,b,stim_adj,1,F,Mis,0,0,Inanim,4,из,Да,Да,1.0,0.0,0.0,0.0,0.0,0.0,0.0,0.0
2,adjectives,7,b,stim_adj,1,F,Mis,0,0,Inanim,5,Испании,Да,Да,1.0,0.0,0.0,0.0,0.0,0.0,0.0,0.0
2,adjectives,7,b,stim_adj,1,F,Mis,0,0,Inanim,6,или,Да,Да,1.0,0.0,0.0,0.0,0.0,0.0,0.0,0.0
2,adjectives,7,b,stim_adj,1,F,Mis,0,0,Inanim,7,из,Да,Да,1.0,0.0,0.0,0.0,0.0,0.0,0.0,0.0
2,adjectives,7,b,stim_adj,1,F,Mis,0,0,Inanim,8,Италии.,Да,Да,1.0,3895.0,3895.0,3895.0,3895.0,3895.0,1.0,0.0
2,adjectives,9,d,stim_adj,1,M,Mis,0,0,Inanim,0,На,да,да,1.0,0.0,0.0,0.0,0.0,0.0,0.0,0.0
2,adjectives,9,d,stim_adj,1,M,Mis,0,0,Inanim,1,реке,да,да,1.0,650.0,650.0,650.0,650.0,650.0,1.0,0.0
2,adjectives,9,d,stim_adj,1,M,Mis,0,0,Inanim,2,ржавая,да,да,1.0,300.0,300.0,300.0,300.0,300.0,1.0,0.0
2,adjectives,9,d,stim_adj,1,M,Mis,0,0,Inanim,3,катер,да,да,1.0,251.0,251.0,251.0,251.0,251.0,1.0,0.0
2,adjectives,9,d,stim_adj,1,M,Mis,0,0,Inanim,4,вечером,да,да,1.0,699.0,699.0,699.0,699.0,699.0,1.0,0.0
2,adjectives,9,d,stim_adj,1,M,Mis,0,0,Inanim,5,сильно,да,да,1.0,251.0,251.0,251.0,251.0,251.0,1.0,0.0
2,adjectives,9,d,stim_adj,1,M,Mis,0,0,Inanim,6,тарахтит.,да,да,1.0,3250.0,3250.0,3250.0,3250.0,3250.0,1.0,0.0
2,adjectives,14,a,stim_adj,1,M,Match,0,0,Inanim,0,В,да,нет,0.0,300.0,300.0,0.0,0.0,0.0,0.0,0.0
2,adjectives,14,a,stim_adj,1,M,Match,0,0,Inanim,1,саду,да,нет,0.0,200.0,551.0,200.0,200.0,500.0,1.0,1.0
2,adjectives,14,a,stim_adj,1,M,Match,0,0,Inanim,2,сладкий,да,нет,0.0,450.0,1599.0,450.0,800.0,1151.0,1.0,1.0
2,adjectives,14,a,stim_adj,1,M,Match,0,0,Inanim,3,перец,да,нет,0.0,499.0,499.0,499.0,499.0,749.0,1.0,1.0
2,adjectives,14,a,stim_adj,1,M,Match,0,0,Inanim,4,уже,да,нет,0.0,400.0,400.0,400.0,400.0,400.0,1.0,0.0
2,adjectives,14,a,stim_adj,1,M,Match,0,0,Inanim,5,скоро,да,нет,0.0,0.0,0.0,0.0,0.0,0.0,0.0,0.0
2,adjectives,14,a,stim_adj,1,M,Match,0,0,Inanim,6,созреет.,да,нет,0.0,250.0,1199.0,250.0,250.0,250.0,1.0,0.0
2,adjectives,16,c,stim_adj,1,F,Match,0,0,Inanim,0,На,нет,нет,1.0,0.0,0.0,0.0,0.0,0.0,0.0,0.0
2,adjectives,16,c,stim_adj,1,F,Match,0,0,Inanim,1,дороге,нет,нет,1.0,448.0,1098.0,448.0,448.0,448.0,1.0,0.0
2,adjectives,16,c,stim_adj,1,F,Match,0,0,Inanim,2,грязная,нет,нет,1.0,400.0,950.0,400.0,400.0,400.0,1.0,0.0
2,adjectives,16,c,stim_adj,1,F,Match,0,0,Inanim,3,машина,нет,нет,1.0,200.0,550.0,0.0,0.0,0.0,0.0,0.0
2,adjectives,16,c,stim_adj,1,F,Match,0,0,Inanim,4,никак,нет,нет,1.0,649.0,649.0,649.0,649.0,649.0,1.0,0.0
2,adjectives,16,c,stim_adj,1,F,Match,0,0,Inanim,5,не,нет,нет,1.0,0.0,0.0,0.0,0.0,0.0,0.0,0.0
2,adjectives,16,c,stim_adj,1,F,Match,0,0,Inanim,6,может,нет,нет,1.0,199.0,199.0,0.0,0.0,0.0,0.0,0.0
2,adjectives,16,c,stim_adj,1,F,Match,0,0,Inanim,7,завестись.,нет,нет,1.0,750.0,4252.0,750.0,4252.0,6201.0,1.0,1.0
2,adjectives,18,a,stim_adj,1,M,Match,0,0,Inanim,0,В,нет,нет,1.0,350.0,350.0,350.0,350.0,350.0,1.0,0.0
2,adjectives,18,a,stim_adj,1,M,Match,0,0,Inanim,1,шкафу,нет,нет,1.0,300.0,300.0,300.0,300.0,300.0,1.0,0.0
2,adjectives,18,a,stim_adj,1,M,Match,0,0,Inanim,2,дорогой,нет,нет,1.0,299.0,299.0,299.0,299.0,299.0,1.0,0.0
2,adjectives,18,a,stim_adj,1,M,Match,0,0,Inanim,3,сервиз,нет,нет,1.0,450.0,450.0,450.0,450.0,450.0,1.0,0.0
2,adjectives,18,a,stim_adj,1,M,Match,0,0,Inanim,4,уже,нет,нет,1.0,0.0,0.0,0.0,0.0,0.0,0.0,0.0
2,adjectives,18,a,stim_adj,1,M,Match,0,0,Inanim,5,давно,нет,нет,1.0,650.0,650.0,650.0,650.0,650.0,1.0,0.0
2,adjectives,18,a,stim_adj,1,M,Match,0,0,Inanim,6,пылится,нет,нет,1.0,0.0,0.0,0.0,0.0,0.0,0.0,0.0
2,adjectives,18,a,stim_adj,1,M,Match,0,0,Inanim,7,без,нет,нет,1.0,250.0,250.0,250.0,250.0,250.0,1.0,0.0
2,adjectives,18,a,stim_adj,1,M,Match,0,0,Inanim,8,дела.,нет,нет,1.0,0.0,0.0,0.0,0.0,0.0,0.0,0.0
2,verbs,20,c,stim_verb,2,F,Match,0,0,Inanim,0,На,нет,нет,1.0,0.0,0.0,0.0,0.0,0.0,0.0,0.0
2,verbs,20,c,stim_verb,2,F,Match,0,0,Inanim,1,кухне,нет,нет,1.0,250.0,553.0,250.0,553.0,553.0,1.0,0.0
2,verbs,20,c,stim_verb,2,F,Match,0,0,Inanim,2,стоялa,нет,нет,1.0,399.0,399.0,399.0,399.0,399.0,1.0,0.0
2,verbs,20,c,stim_verb,2,F,Match,0,0,Inanim,3,духовка,нет,нет,1.0,201.0,201.0,201.0,201.0,201.0,1.0,0.0
2,verbs,20,c,stim_verb,2,F,Match,0,0,Inanim,4,китайского,нет,нет,1.0,499.0,499.0,499.0,499.0,499.0,1.0,0.0
2,verbs,20,c,stim_verb,2,F,Match,0,0,Inanim,5,или,нет,нет,1.0,401.0,401.0,401.0,401.0,401.0,1.0,0.0
2,verbs,20,c,stim_verb,2,F,Match,0,0,Inanim,6,корейского,нет,нет,1.0,699.0,699.0,699.0,699.0,699.0,1.0,0.0
2,verbs,20,c,stim_verb,2,F,Match,0,0,Inanim,7,производства.,нет,нет,1.0,3957.0,3957.0,3957.0,3957.0,3957.0,1.0,0.0
2,verbs,21,d,stim_verb,2,M,Mis,0,0,Inanim,0,На,нет,нет,1.0,0.0,0.0,0.0,0.0,0.0,0.0,0.0
2,verbs,21,d,stim_verb,2,M,Mis,0,0,Inanim,1,стене,нет,нет,1.0,450.0,651.0,450.0,450.0,450.0,1.0,0.0
2,verbs,21,d,stim_verb,2,M,Mis,0,0,Inanim,2,виселa,нет,нет,1.0,0.0,0.0,0.0,0.0,0.0,0.0,0.0
2,verbs,21,d,stim_verb,2,M,Mis,0,0,Inanim,3,плакат,нет,нет,1.0,899.0,899.0,899.0,899.0,1100.0,1.0,1.0
2,verbs,21,d,stim_verb,2,M,Mis,0,0,Inanim,4,с,нет,нет,1.0,700.0,700.0,700.0,700.0,700.0,1.0,0.0
2,verbs,21,d,stim_verb,2,M,Mis,0,0,Inanim,5,изображением,нет,нет,1.0,0.0,0.0,0.0,0.0,0.0,0.0,0.0
2,verbs,21,d,stim_verb,2,M,Mis,0,0,Inanim,6,группы,нет,нет,1.0,350.0,350.0,350.0,350.0,350.0,1.0,0.0
2,verbs,21,d,stim_verb,2,M,Mis,0,0,Inanim,7,Нирвана.,нет,нет,1.0,0.0,0.0,0.0,0.0,0.0,0.0,0.0
2,verbs,22,a,stim_verb,2,M,Match,0,0,Inanim,0,При,,%2c#,99.0,301.0,301.0,0.0,0.0,0.0,0.0,0.0
2,verbs,22,a,stim_verb,2,M,Match,0,0,Inanim,1,входе,,%2c#,99.0,200.0,1050.0,200.0,1050.0,1351.0,1.0,1.0
2,verbs,22,a,stim_verb,2,M,Match,0,0,Inanim,2,лежал,,%2c#,99.0,0.0,0.0,0.0,0.0,0.0,0.0,0.0
2,verbs,22,a,stim_verb,2,M,Match,0,0,Inanim,3,пакет,,%2c#,99.0,0.0,0.0,0.0,0.0,0.0,0.0,0.0
2,verbs,22,a,stim_verb,2,M,Match,0,0,Inanim,4,с,,%2c#,99.0,200.0,200.0,200.0,200.0,200.0,1.0,0.0
2,verbs,22,a,stim_verb,2,M,Match,0,0,Inanim,5,вещами,,%2c#,99.0,300.0,300.0,300.0,300.0,300.0,1.0,0.0
2,verbs,22,a,stim_verb,2,M,Match,0,0,Inanim,6,нашего,,%2c#,99.0,0.0,0.0,0.0,0.0,0.0,0.0,0.0
2,verbs,22,a,stim_verb,2,M,Match,0,0,Inanim,7,приятеля.,,%2c#,99.0,0.0,0.0,0.0,0.0,0.0,0.0,0.0
2,verbs,23,b,stim_verb,2,F,Mis,0,0,Inanim,0,В,да,да,1.0,500.0,500.0,0.0,0.0,0.0,0.0,0.0
2,verbs,23,b,stim_verb,2,F,Mis,0,0,Inanim,1,ресторан,да,да,1.0,249.0,699.0,249.0,699.0,1199.0,1.0,1.0
2,verbs,23,b,stim_verb,2,F,Mis,0,0,Inanim,2,прибыл,да,да,1.0,250.0,849.0,250.0,250.0,250.0,1.0,0.0
2,verbs,23,b,stim_verb,2,F,Mis,0,0,Inanim,3,колбаса,да,да,1.0,500.0,1050.0,500.0,1050.0,1649.0,1.0,1.0
2,verbs,23,b,stim_verb,2,F,Mis,0,0,Inanim,4,из,да,да,1.0,0.0,0.0,0.0,0.0,0.0,0.0,0.0
2,verbs,23,b,stim_verb,2,F,Mis,0,0,Inanim,5,Испании,да,да,1.0,401.0,401.0,401.0,401.0,401.0,1.0,0.0
2,verbs,23,b,stim_verb,2,F,Mis,0,0,Inanim,6,или,да,да,1.0,299.0,299.0,299.0,299.0,299.0,1.0,0.0
2,verbs,23,b,stim_verb,2,F,Mis,0,0,Inanim,7,из,да,да,1.0,0.0,0.0,0.0,0.0,0.0,0.0,0.0
2,verbs,23,b,stim_verb,2,F,Mis,0,0,Inanim,8,Италии.,да,да,1.0,0.0,0.0,0.0,0.0,0.0,0.0,0.0
2,verbs,25,d,stim_verb,2,M,Mis,0,0,Inanim,0,У,,%2c#,99.0,450.0,2104.0,450.0,450.0,450.0,1.0,0.0
2,verbs,25,d,stim_verb,2,M,Mis,0,0,Inanim,1,берега,,%2c#,99.0,500.0,3146.0,500.0,500.0,500.0,1.0,0.0
2,verbs,25,d,stim_verb,2,M,Mis,0,0,Inanim,2,стояла,,%2c#,99.0,400.0,4299.0,400.0,3398.0,5699.0,1.0,1.0
2,verbs,25,d,stim_verb,2,M,Mis,0,0,Inanim,3,катер,,%2c#,99.0,251.0,550.0,251.0,251.0,251.0,1.0,0.0
2,verbs,25,d,stim_verb,2,M,Mis,0,0,Inanim,4,на,,%2c#,99.0,1600.0,1600.0,1600.0,1600.0,1600.0,1.0,0.0
2,verbs,25,d,stim_verb,2,M,Mis,0,0,Inanim,5,якоре,,%2c#,99.0,350.0,701.0,350.0,350.0,350.0,1.0,0.0
2,verbs,25,d,stim_verb,2,M,Mis,0,0,Inanim,6,и,,%2c#,99.0,199.0,199.0,199.0,199.0,199.0,1.0,0.0
2,verbs,25,d,stim_verb,2,M,Mis,0,0,Inanim,7,плавно,,%2c#,99.0,601.0,1416.0,601.0,601.0,601.0,1.0,0.0
2,verbs,25,d,stim_verb,2,M,Mis,0,0,Inanim,8,качался.,,%2c#,99.0,200.0,200.0,200.0,200.0,4565.0,1.0,1.0
2,verbs,30,a,stim_verb,2,M,Match,0,0,Inanim,0,В,нет,нет,1.0,0.0,0.0,0.0,0.0,0.0,0.0,0.0
2,verbs,30,a,stim_verb,2,M,Match,0,0,Inanim,1,саду,нет,нет,1.0,0.0,0.0,0.0,0.0,0.0,0.0,0.0
2,verbs,30,a,stim_verb,2,M,Match,0,0,Inanim,2,созрел,нет,нет,1.0,550.0,550.0,550.0,550.0,550.0,1.0,0.0
2,verbs,30,a,stim_verb,2,M,Match,0,0,Inanim,3,перец,нет,нет,1.0,450.0,450.0,450.0,450.0,450.0,1.0,0.0
2,verbs,30,a,stim_verb,2,M,Match,0,0,Inanim,4,из,нет,нет,1.0,250.0,250.0,250.0,250.0,250.0,1.0,0.0
2,verbs,30,a,stim_verb,2,M,Match,0,0,Inanim,5,Болгарии,нет,нет,1.0,650.0,650.0,650.0,650.0,650.0,1.0,0.0
2,verbs,30,a,stim_verb,2,M,Match,0,0,Inanim,6,несмотря,нет,нет,1.0,0.0,0.0,0.0,0.0,0.0,0.0,0.0
2,verbs,30,a,stim_verb,2,M,Match,0,0,Inanim,7,на,нет,нет,1.0,202.0,202.0,202.0,202.0,202.0,1.0,0.0
2,verbs,30,a,stim_verb,2,M,Match,0,0,Inanim,8,непогоду.,нет,нет,1.0,0.0,0.0,0.0,0.0,0.0,0.0,0.0
2,verbs,32,c,stim_verb,2,F,Match,0,0,Inanim,0,К,да,да,1.0,550.0,750.0,550.0,550.0,550.0,1.0,0.0
2,verbs,32,c,stim_verb,2,F,Match,0,0,Inanim,1,дому,да,да,1.0,0.0,0.0,0.0,0.0,0.0,0.0,0.0
2,verbs,32,c,stim_verb,2,F,Match,0,0,Inanim,2,подъехала,да,да,1.0,250.0,250.0,0.0,0.0,0.0,0.0,0.0
2,verbs,32,c,stim_verb,2,F,Match,0,0,Inanim,3,машина,да,да,1.0,200.0,200.0,0.0,0.0,0.0,0.0,0.0
2,verbs,32,c,stim_verb,2,F,Match,0,0,Inanim,4,с,да,да,1.0,0.0,0.0,0.0,0.0,0.0,0.0,0.0
2,verbs,32,c,stim_verb,2,F,Match,0,0,Inanim,5,выбитыми,да,да,1.0,200.0,950.0,200.0,950.0,1600.0,1.0,1.0
2,verbs,32,c,stim_verb,2,F,Match,0,0,Inanim,6,стеклами,да,да,1.0,249.0,249.0,249.0,249.0,249.0,1.0,0.0
2,verbs,32,c,stim_verb,2,F,Match,0,0,Inanim,7,и,да,да,1.0,0.0,0.0,0.0,0.0,0.0,0.0,0.0
2,verbs,32,c,stim_verb,2,F,Match,0,0,Inanim,8,фарами.,да,да,1.0,0.0,0.0,0.0,0.0,0.0,0.0,0.0
2,verbs,34,a,stim_verb,2,M,Match,0,0,Inanim,0,С,нет,нет,1.0,201.0,450.0,201.0,201.0,201.0,1.0,0.0
2,verbs,34,a,stim_verb,2,M,Match,0,0,Inanim,1,полки,нет,нет,1.0,349.0,349.0,349.0,349.0,598.0,1.0,1.0
2,verbs,34,a,stim_verb,2,M,Match,0,0,Inanim,2,упал,нет,нет,1.0,349.0,349.0,349.0,349.0,349.0,1.0,0.0
2,verbs,34,a,stim_verb,2,M,Match,0,0,Inanim,3,сервиз,нет,нет,1.0,201.0,201.0,201.0,201.0,201.0,1.0,0.0
2,verbs,34,a,stim_verb,2,M,Match,0,0,Inanim,4,вместе,нет,нет,1.0,300.0,300.0,300.0,300.0,300.0,1.0,0.0
2,verbs,34,a,stim_verb,2,M,Match,0,0,Inanim,5,с,нет,нет,1.0,0.0,0.0,0.0,0.0,0.0,0.0,0.0
2,verbs,34,a,stim_verb,2,M,Match,0,0,Inanim,6,коробкой,нет,нет,1.0,650.0,650.0,650.0,650.0,650.0,1.0,0.0
2,verbs,34,a,stim_verb,2,M,Match,0,0,Inanim,7,и,нет,нет,1.0,0.0,0.0,0.0,0.0,0.0,0.0,0.0
2,verbs,34,a,stim_verb,2,M,Match,0,0,Inanim,8,салфетками.,нет,нет,1.0,0.0,0.0,0.0,0.0,0.0,0.0,0.0
2,pred_adjectives,38,a,stim_pred_adj,3,M,Match,0,0,inanim,0,У,,%2c#,99.0,199.0,199.0,0.0,0.0,0.0,0.0,0.0
2,pred_adjectives,38,a,stim_pred_adj,3,M,Match,0,0,inanim,1,бабушки,,%2c#,99.0,451.0,651.0,451.0,651.0,850.0,1.0,1.0
2,pred_adjectives,38,a,stim_pred_adj,3,M,Match,0,0,inanim,2,готов,,%2c#,99.0,251.0,251.0,251.0,251.0,251.0,1.0,0.0
2,pred_adjectives,38,a,stim_pred_adj,3,M,Match,0,0,inanim,3,завтрак,,%2c#,99.0,499.0,499.0,499.0,499.0,499.0,1.0,0.0
2,pred_adjectives,38,a,stim_pred_adj,3,M,Match,0,0,inanim,4,на,,%2c#,99.0,0.0,0.0,0.0,0.0,0.0,0.0,0.0
2,pred_adjectives,38,a,stim_pred_adj,3,M,Match,0,0,inanim,5,всю,,%2c#,99.0,0.0,0.0,0.0,0.0,0.0,0.0,0.0
2,pred_adjectives,38,a,stim_pred_adj,3,M,Match,0,0,inanim,6,нашу,,%2c#,99.0,350.0,350.0,350.0,350.0,350.0,1.0,0.0
2,pred_adjectives,38,a,stim_pred_adj,3,M,Match,0,0,inanim,7,семью.,,%2c#,99.0,0.0,0.0,0.0,0.0,0.0,0.0,0.0
2,pred_adjectives,42,a,stim_pred_adj,3,M,Match,0,0,inanim,0,Дома,,%2c#,99.0,700.0,1399.0,700.0,700.0,700.0,1.0,0.0
2,pred_adjectives,42,a,stim_pred_adj,3,M,Match,0,0,inanim,1,всегда,,%2c#,99.0,400.0,1750.0,400.0,900.0,900.0,1.0,0.0
2,pred_adjectives,42,a,stim_pred_adj,3,M,Match,0,0,inanim,2,полезен,,%2c#,99.0,600.0,1702.0,600.0,1050.0,1351.0,1.0,1.0
2,pred_adjectives,42,a,stim_pred_adj,3,M,Match,0,0,inanim,3,аппарат,,%2c#,99.0,451.0,1098.0,451.0,451.0,451.0,1.0,0.0
2,pred_adjectives,42,a,stim_pred_adj,3,M,Match,0,0,inanim,4,для,,%2c#,99.0,198.0,198.0,198.0,198.0,198.0,1.0,0.0
2,pred_adjectives,42,a,stim_pred_adj,3,M,Match,0,0,inanim,5,заготовки,,%2c#,99.0,650.0,1200.0,650.0,951.0,2749.0,1.0,1.0
2,pred_adjectives,42,a,stim_pred_adj,3,M,Match,0,0,inanim,6,фруктов,,%2c#,99.0,0.0,0.0,0.0,0.0,0.0,0.0,0.0
2,pred_adjectives,42,a,stim_pred_adj,3,M,Match,0,0,inanim,7,и,,%2c#,99.0,0.0,0.0,0.0,0.0,0.0,0.0,0.0
2,pred_adjectives,42,a,stim_pred_adj,3,M,Match,0,0,inanim,8,овощей.,,%2c#,99.0,298.0,298.0,298.0,298.0,1296.0,1.0,1.0
2,pred_adjectives,43,b,stim_pred_adj,3,F,Mis,0,0,inanim,0,Мне,да,да,1.0,602.0,602.0,602.0,602.0,602.0,1.0,0.0
2,pred_adjectives,43,b,stim_pred_adj,3,F,Mis,0,0,inanim,1,очень,да,да,1.0,199.0,199.0,199.0,199.0,199.0,1.0,0.0
2,pred_adjectives,43,b,stim_pred_adj,3,F,Mis,0,0,inanim,2,дорог,да,да,1.0,251.0,652.0,251.0,251.0,251.0,1.0,0.0
2,pred_adjectives,43,b,stim_pred_adj,3,F,Mis,0,0,inanim,3,фотография,да,да,1.0,748.0,1349.0,748.0,1349.0,1750.0,1.0,1.0
2,pred_adjectives,43,b,stim_pred_adj,3,F,Mis,0,0,inanim,4,с,да,да,1.0,0.0,0.0,0.0,0.0,0.0,0.0,0.0
2,pred_adjectives,43,b,stim_pred_adj,3,F,Mis,0,0,inanim,5,нашей,да,да,1.0,300.0,300.0,300.0,300.0,300.0,1.0,0.0
2,pred_adjectives,43,b,stim_pred_adj,3,F,Mis,0,0,inanim,6,встречи,да,да,1.0,350.0,350.0,350.0,350.0,350.0,1.0,0.0
2,pred_adjectives,43,b,stim_pred_adj,3,F,Mis,0,0,inanim,7,в,да,да,1.0,0.0,0.0,0.0,0.0,0.0,0.0,0.0
2,pred_adjectives,43,b,stim_pred_adj,3,F,Mis,0,0,inanim,8,Москве.,да,да,1.0,3656.0,3656.0,3656.0,3656.0,3656.0,1.0,0.0
2,pred_adjectives,44,c,stim_pred_adj,3,F,Match,0,0,inanim,0,Тебе,,%2c#,99.0,651.0,651.0,651.0,651.0,651.0,1.0,0.0
2,pred_adjectives,44,c,stim_pred_adj,3,F,Match,0,0,inanim,1,пока,,%2c#,99.0,299.0,299.0,299.0,299.0,299.0,1.0,0.0
2,pred_adjectives,44,c,stim_pred_adj,3,F,Match,0,0,inanim,2,велика,,%2c#,99.0,401.0,401.0,401.0,401.0,401.0,1.0,0.0
2,pred_adjectives,44,c,stim_pred_adj,3,F,Match,0,0,inanim,3,блузка,,%2c#,99.0,399.0,399.0,399.0,399.0,399.0,1.0,0.0
2,pred_adjectives,44,c,stim_pred_adj,3,F,Match,0,0,inanim,4,из,,%2c#,99.0,0.0,0.0,0.0,0.0,0.0,0.0,0.0
2,pred_adjectives,44,c,stim_pred_adj,3,F,Match,0,0,inanim,5,маминого,,%2c#,99.0,1150.0,1150.0,1150.0,1150.0,1150.0,1.0,0.0
2,pred_adjectives,44,c,stim_pred_adj,3,F,Match,0,0,inanim,6,зимнего,,%2c#,99.0,0.0,0.0,0.0,0.0,0.0,0.0,0.0
2,pred_adjectives,44,c,stim_pred_adj,3,F,Match,0,0,inanim,7,гардероба.,,%2c#,99.0,745.0,745.0,745.0,745.0,745.0,1.0,0.0
2,pred_adjectives,46,a,stim_pred_adj,3,M,Match,0,0,inanim,0,В,,%2c#,99.0,0.0,0.0,0.0,0.0,0.0,0.0,0.0
2,pred_adjectives,46,a,stim_pred_adj,3,M,Match,0,0,inanim,1,музее,,%2c#,99.0,250.0,649.0,0.0,0.0,0.0,0.0,0.0
2,pred_adjectives,46,a,stim_pred_adj,3,M,Match,0,0,inanim,2,привлекателен,,%2c#,99.0,493.0,2343.0,493.0,1543.0,2192.0,1.0,1.0
2,pred_adjectives,46,a,stim_pred_adj,3,M,Match,0,0,inanim,3,уголок,,%2c#,99.0,500.0,500.0,500.0,500.0,500.0,1.0,0.0
2,pred_adjectives,46,a,stim_pred_adj,3,M,Match,0,0,inanim,4,научных,,%2c#,99.0,200.0,200.0,0.0,0.0,0.0,0.0,0.0
2,pred_adjectives,46,a,stim_pred_adj,3,M,Match,0,0,inanim,5,экспериментов,,%2c#,99.0,647.0,647.0,647.0,647.0,647.0,1.0,0.0
2,pred_adjectives,46,a,stim_pred_adj,3,M,Match,0,0,inanim,6,для,,%2c#,99.0,300.0,599.0,300.0,300.0,300.0,1.0,0.0
2,pred_adjectives,46,a,stim_pred_adj,3,M,Match,0,0,inanim,7,детей.,,%2c#,99.0,402.0,1039.0,402.0,1039.0,2338.0,1.0,1.0
2,pred_adjectives,47,b,stim_pred_adj,3,F,Mis,0,0,inanim,0,В,да,да,1.0,350.0,350.0,0.0,0.0,0.0,0.0,0.0
2,pred_adjectives,47,b,stim_pred_adj,3,F,Mis,0,0,inanim,1,парке,да,да,1.0,0.0,0.0,0.0,0.0,0.0,0.0,0.0
2,pred_adjectives,47,b,stim_pred_adj,3,F,Mis,0,0,inanim,2,маловат,да,да,1.0,350.0,350.0,350.0,350.0,700.0,1.0,1.0
2,pred_adjectives,47,b,stim_pred_adj,3,F,Mis,0,0,inanim,3,клумба,да,да,1.0,349.0,749.0,349.0,349.0,349.0,1.0,0.0
2,pred_adjectives,47,b,stim_pred_adj,3,F,Mis,0,0,inanim,4,с,да,да,1.0,300.0,550.0,300.0,550.0,950.0,1.0,1.0
2,pred_adjectives,47,b,stim_pred_adj,3,F,Mis,0,0,inanim,5,незабудками,да,да,1.0,0.0,0.0,0.0,0.0,0.0,0.0,0.0
2,pred_adjectives,47,b,stim_pred_adj,3,F,Mis,0,0,inanim,6,и,да,да,1.0,599.0,599.0,599.0,599.0,599.0,1.0,0.0
2,pred_adjectives,47,b,stim_pred_adj,3,F,Mis,0,0,inanim,7,статуями,да,да,1.0,0.0,0.0,0.0,0.0,0.0,0.0,0.0
2,pred_adjectives,47,b,stim_pred_adj,3,F,Mis,0,0,inanim,8,из,да,да,1.0,700.0,700.0,700.0,700.0,700.0,1.0,0.0
2,pred_adjectives,47,b,stim_pred_adj,3,F,Mis,0,0,inanim,9,мха.,да,да,1.0,3005.0,3005.0,3005.0,3005.0,3005.0,1.0,0.0
2,pred_adjectives,48,c,stim_pred_adj,3,F,Match,0,0,inanim,0,Для,нет,да,0.0,499.0,499.0,499.0,499.0,499.0,1.0,0.0
2,pred_adjectives,48,c,stim_pred_adj,3,F,Match,0,0,inanim,1,первоклашек,нет,да,0.0,900.0,900.0,900.0,900.0,900.0,1.0,0.0
2,pred_adjectives,48,c,stim_pred_adj,3,F,Match,0,0,inanim,2,бесполезна,нет,да,0.0,800.0,800.0,800.0,800.0,800.0,1.0,0.0
2,pred_adjectives,48,c,stim_pred_adj,3,F,Match,0,0,inanim,3,задача,нет,да,0.0,200.0,200.0,200.0,200.0,200.0,1.0,0.0
2,pred_adjectives,48,c,stim_pred_adj,3,F,Match,0,0,inanim,4,о,нет,да,0.0,0.0,0.0,0.0,0.0,0.0,0.0,0.0
2,pred_adjectives,48,c,stim_pred_adj,3,F,Match,0,0,inanim,5,процентах,нет,да,0.0,549.0,549.0,549.0,549.0,549.0,1.0,0.0
2,pred_adjectives,48,c,stim_pred_adj,3,F,Match,0,0,inanim,6,или,нет,да,0.0,252.0,252.0,252.0,252.0,252.0,1.0,0.0
2,pred_adjectives,48,c,stim_pred_adj,3,F,Match,0,0,inanim,7,десятичных,нет,да,0.0,398.0,398.0,398.0,398.0,398.0,1.0,0.0
2,pred_adjectives,48,c,stim_pred_adj,3,F,Match,0,0,inanim,8,дробях.,нет,да,0.0,300.0,300.0,300.0,300.0,300.0,1.0,0.0
2,pred_adjectives,50,a,stim_pred_adj,3,M,Match,0,0,inanim,0,Совершенно,нет,нет,1.0,701.0,1403.0,701.0,701.0,701.0,1.0,0.0
2,pred_adjectives,50,a,stim_pred_adj,3,M,Match,0,0,inanim,1,недопустим,нет,нет,1.0,499.0,1048.0,499.0,499.0,499.0,1.0,0.0
2,pred_adjectives,50,a,stim_pred_adj,3,M,Match,0,0,inanim,2,разговор,нет,нет,1.0,501.0,501.0,501.0,501.0,501.0,1.0,0.0
2,pred_adjectives,50,a,stim_pred_adj,3,M,Match,0,0,inanim,3,о,нет,нет,1.0,0.0,0.0,0.0,0.0,0.0,0.0,0.0
2,pred_adjectives,50,a,stim_pred_adj,3,M,Match,0,0,inanim,4,политике,нет,нет,1.0,700.0,700.0,700.0,700.0,700.0,1.0,0.0
2,pred_adjectives,50,a,stim_pred_adj,3,M,Match,0,0,inanim,5,или,нет,нет,1.0,0.0,0.0,0.0,0.0,0.0,0.0,0.0
2,pred_adjectives,50,a,stim_pred_adj,3,M,Match,0,0,inanim,6,деньгах,нет,нет,1.0,0.0,0.0,0.0,0.0,0.0,0.0,0.0
2,pred_adjectives,50,a,stim_pred_adj,3,M,Match,0,0,inanim,7,на,нет,нет,1.0,350.0,699.0,350.0,350.0,350.0,1.0,0.0
2,pred_adjectives,50,a,stim_pred_adj,3,M,Match,0,0,inanim,8,работе.,нет,нет,1.0,301.0,301.0,301.0,301.0,1901.0,1.0,1.0
98,filler,51,0,filler_ungram,4,Masc,0,101N,Acc,0,0,Ребёнок,,%2c#,99.0,551.0,950.0,551.0,551.0,551.0,1.0,0.0
98,filler,51,0,filler_ungram,4,Masc,0,101N,Acc,0,1,по,,%2c#,99.0,0.0,0.0,0.0,0.0,0.0,0.0,0.0
98,filler,51,0,filler_ungram,4,Masc,0,101N,Acc,0,2,ночам,,%2c#,99.0,450.0,450.0,450.0,450.0,450.0,1.0,0.0
98,filler,51,0,filler_ungram,4,Masc,0,101N,Acc,0,3,в,,%2c#,99.0,0.0,0.0,0.0,0.0,0.0,0.0,0.0
98,filler,51,0,filler_ungram,4,Masc,0,101N,Acc,0,4,кроватку,,%2c#,99.0,451.0,801.0,451.0,451.0,451.0,1.0,0.0
98,filler,51,0,filler_ungram,4,Masc,0,101N,Acc,0,5,всегда,,%2c#,99.0,399.0,399.0,399.0,399.0,399.0,1.0,0.0
98,filler,51,0,filler_ungram,4,Masc,0,101N,Acc,0,6,плохо,,%2c#,99.0,300.0,300.0,300.0,300.0,300.0,1.0,0.0
98,filler,51,0,filler_ungram,4,Masc,0,101N,Acc,0,7,спит.,,%2c#,99.0,250.0,250.0,250.0,250.0,999.0,1.0,1.0
98,filler,52,0,filler_gram,5,Masc,0,101Y,Prep,0,0,Ребёнок,Нет,Нет,1.0,500.0,500.0,500.0,500.0,500.0,1.0,0.0
98,filler,52,0,filler_gram,5,Masc,0,101Y,Prep,0,1,по,Нет,Нет,1.0,0.0,0.0,0.0,0.0,0.0,0.0,0.0
98,filler,52,0,filler_gram,5,Masc,0,101Y,Prep,0,2,ночам,Нет,Нет,1.0,300.0,300.0,300.0,300.0,300.0,1.0,0.0
98,filler,52,0,filler_gram,5,Masc,0,101Y,Prep,0,3,в,Нет,Нет,1.0,0.0,0.0,0.0,0.0,0.0,0.0,0.0
98,filler,52,0,filler_gram,5,Masc,0,101Y,Prep,0,4,кроватке,Нет,Нет,1.0,351.0,351.0,351.0,351.0,351.0,1.0,0.0
98,filler,52,0,filler_gram,5,Masc,0,101Y,Prep,0,5,всегда,Нет,Нет,1.0,300.0,300.0,300.0,300.0,300.0,1.0,0.0
98,filler,52,0,filler_gram,5,Masc,0,101Y,Prep,0,6,плохо,Нет,Нет,1.0,450.0,450.0,450.0,450.0,450.0,1.0,0.0
98,filler,52,0,filler_gram,5,Masc,0,101Y,Prep,0,7,спит.,Нет,Нет,1.0,0.0,0.0,0.0,0.0,0.0,0.0,0.0
98,filler,53,0,filler_ungram,4,Masc,0,102N,Instr,0,0,Старик,,%2c#,99.0,550.0,550.0,550.0,550.0,550.0,1.0,0.0
98,filler,53,0,filler_ungram,4,Masc,0,102N,Instr,0,1,приходит,,%2c#,99.0,499.0,950.0,499.0,499.0,499.0,1.0,0.0
98,filler,53,0,filler_ungram,4,Masc,0,102N,Instr,0,2,в,,%2c#,99.0,249.0,249.0,0.0,0.0,0.0,0.0,0.0
98,filler,53,0,filler_ungram,4,Masc,0,102N,Instr,0,3,квартирой,,%2c#,99.0,900.0,1201.0,900.0,1201.0,1901.0,1.0,1.0
98,filler,53,0,filler_ungram,4,Masc,0,102N,Instr,0,4,редко,,%2c#,99.0,299.0,299.0,299.0,299.0,299.0,1.0,0.0
98,filler,53,0,filler_ungram,4,Masc,0,102N,Instr,0,5,и,,%2c#,99.0,0.0,0.0,0.0,0.0,0.0,0.0,0.0
98,filler,53,0,filler_ungram,4,Masc,0,102N,Instr,0,6,всегда,,%2c#,99.0,401.0,401.0,401.0,401.0,401.0,1.0,0.0
98,filler,53,0,filler_ungram,4,Masc,0,102N,Instr,0,7,неохотно.,,%2c#,99.0,0.0,0.0,0.0,0.0,0.0,0.0,0.0
98,filler,54,0,filler_gram,5,Masc,0,102Y,Acc,0,0,Старик,Да,Нет,0.0,299.0,299.0,299.0,299.0,299.0,1.0,0.0
98,filler,54,0,filler_gram,5,Masc,0,102Y,Acc,0,1,приходит,Да,Нет,0.0,250.0,250.0,250.0,250.0,250.0,1.0,0.0
98,filler,54,0,filler_gram,5,Masc,0,102Y,Acc,0,2,в,Да,Нет,0.0,0.0,0.0,0.0,0.0,0.0,0.0,0.0
98,filler,54,0,filler_gram,5,Masc,0,102Y,Acc,0,3,квартиру,Да,Нет,0.0,301.0,301.0,301.0,301.0,301.0,1.0,0.0
98,filler,54,0,filler_gram,5,Masc,0,102Y,Acc,0,4,редко,Да,Нет,0.0,0.0,0.0,0.0,0.0,0.0,0.0,0.0
98,filler,54,0,filler_gram,5,Masc,0,102Y,Acc,0,5,и,Да,Нет,0.0,0.0,0.0,0.0,0.0,0.0,0.0,0.0
98,filler,54,0,filler_gram,5,Masc,0,102Y,Acc,0,6,всегда,Да,Нет,0.0,0.0,0.0,0.0,0.0,0.0,0.0,0.0
98,filler,54,0,filler_gram,5,Masc,0,102Y,Acc,0,7,неохотно.,Да,Нет,0.0,3802.0,3802.0,3802.0,3802.0,3802.0,1.0,0.0
98,filler,55,0,filler_ungram,4,Masc,0,103N,Acc,0,0,Мальчик,,%2c#,99.0,700.0,700.0,700.0,700.0,700.0,1.0,0.0
98,filler,55,0,filler_ungram,4,Masc,0,103N,Acc,0,1,разговаривает,,%2c#,99.0,401.0,401.0,401.0,401.0,401.0,1.0,0.0
98,filler,55,0,filler_ungram,4,Masc,0,103N,Acc,0,2,в,,%2c#,99.0,0.0,0.0,0.0,0.0,0.0,0.0,0.0
98,filler,55,0,filler_ungram,4,Masc,0,103N,Acc,0,3,школу,,%2c#,99.0,401.0,800.0,401.0,401.0,401.0,1.0,0.0
98,filler,55,0,filler_ungram,4,Masc,0,103N,Acc,0,4,громко,,%2c#,99.0,399.0,399.0,399.0,399.0,798.0,1.0,1.0
98,filler,55,0,filler_ungram,4,Masc,0,103N,Acc,0,5,и,,%2c#,99.0,0.0,0.0,0.0,0.0,0.0,0.0,0.0
98,filler,55,0,filler_ungram,4,Masc,0,103N,Acc,0,6,не,,%2c#,99.0,651.0,651.0,0.0,0.0,0.0,0.0,0.0
98,filler,55,0,filler_ungram,4,Masc,0,103N,Acc,0,7,заикается.,,%2c#,99.0,501.0,1125.0,501.0,1125.0,1776.0,1.0,1.0
98,filler,56,0,filler_gram,5,Masc,0,103Y,Prep,0,0,Мальчик,Нет,Нет,1.0,650.0,650.0,650.0,650.0,650.0,1.0,0.0
98,filler,56,0,filler_gram,5,Masc,0,103Y,Prep,0,1,разговаривает,Нет,Нет,1.0,499.0,499.0,499.0,499.0,499.0,1.0,0.0
98,filler,56,0,filler_gram,5,Masc,0,103Y,Prep,0,2,в,Нет,Нет,1.0,0.0,0.0,0.0,0.0,0.0,0.0,0.0
98,filler,56,0,filler_gram,5,Masc,0,103Y,Prep,0,3,школе,Нет,Нет,1.0,0.0,0.0,0.0,0.0,0.0,0.0,0.0
98,filler,56,0,filler_gram,5,Masc,0,103Y,Prep,0,4,громко,Нет,Нет,1.0,398.0,398.0,398.0,398.0,398.0,1.0,0.0
98,filler,56,0,filler_gram,5,Masc,0,103Y,Prep,0,5,и,Нет,Нет,1.0,501.0,501.0,501.0,501.0,501.0,1.0,0.0
98,filler,56,0,filler_gram,5,Masc,0,103Y,Prep,0,6,не,Нет,Нет,1.0,0.0,0.0,0.0,0.0,0.0,0.0,0.0
98,filler,56,0,filler_gram,5,Masc,0,103Y,Prep,0,7,заикается.,Нет,Нет,1.0,0.0,0.0,0.0,0.0,0.0,0.0,0.0
98,filler,57,0,filler_ungram,4,Masc,0,104N,Instr,0,0,Лётчик,,%2c#,99.0,251.0,251.0,0.0,0.0,0.0,0.0,0.0
98,filler,57,0,filler_ungram,4,Masc,0,104N,Instr,0,1,летает,,%2c#,99.0,351.0,351.0,351.0,351.0,602.0,1.0,1.0
98,filler,57,0,filler_ungram,4,Masc,0,104N,Instr,0,2,в,,%2c#,99.0,199.0,199.0,199.0,199.0,199.0,1.0,0.0
98,filler,57,0,filler_ungram,4,Masc,0,104N,Instr,0,3,Россией,,%2c#,99.0,750.0,750.0,750.0,750.0,750.0,1.0,0.0
98,filler,57,0,filler_ungram,4,Masc,0,104N,Instr,0,4,регулярно,,%2c#,99.0,501.0,501.0,501.0,501.0,501.0,1.0,0.0
98,filler,57,0,filler_ungram,4,Masc,0,104N,Instr,0,5,на,,%2c#,99.0,399.0,399.0,399.0,399.0,399.0,1.0,0.0
98,filler,57,0,filler_ungram,4,Masc,0,104N,Instr,0,6,разных,,%2c#,99.0,300.0,300.0,300.0,300.0,300.0,1.0,0.0
98,filler,57,0,filler_ungram,4,Masc,0,104N,Instr,0,7,самолетах.,,%2c#,99.0,1620.0,1620.0,1620.0,1620.0,1620.0,1.0,0.0
98,filler,58,0,filler_gram,5,Masc,0,104Y,Acc,0,0,Лётчик,Нет,Да,0.0,250.0,1298.0,250.0,1298.0,1298.0,1.0,0.0
98,filler,58,0,filler_gram,5,Masc,0,104Y,Acc,0,1,летает,Нет,Да,0.0,452.0,452.0,452.0,452.0,452.0,1.0,0.0
98,filler,58,0,filler_gram,5,Masc,0,104Y,Acc,0,2,в,Нет,Да,0.0,0.0,0.0,0.0,0.0,0.0,0.0,0.0
98,filler,58,0,filler_gram,5,Masc,0,104Y,Acc,0,3,Россию,Нет,Да,0.0,450.0,450.0,450.0,450.0,450.0,1.0,0.0
98,filler,58,0,filler_gram,5,Masc,0,104Y,Acc,0,4,регулярно,Нет,Да,0.0,300.0,300.0,300.0,300.0,300.0,1.0,0.0
98,filler,58,0,filler_gram,5,Masc,0,104Y,Acc,0,5,на,Нет,Да,0.0,399.0,399.0,399.0,399.0,399.0,1.0,0.0
98,filler,58,0,filler_gram,5,Masc,0,104Y,Acc,0,6,разных,Нет,Да,0.0,0.0,0.0,0.0,0.0,0.0,0.0,0.0
98,filler,58,0,filler_gram,5,Masc,0,104Y,Acc,0,7,самолетах.,Нет,Да,0.0,401.0,401.0,401.0,401.0,401.0,1.0,0.0
98,filler,59,0,filler_ungram,4,Masc,0,105N,Acc,0,0,Ученик,,%2c#,99.0,299.0,850.0,299.0,850.0,850.0,1.0,0.0
98,filler,59,0,filler_ungram,4,Masc,0,105N,Acc,0,1,работает,,%2c#,99.0,550.0,550.0,550.0,550.0,550.0,1.0,0.0
98,filler,59,0,filler_ungram,4,Masc,0,105N,Acc,0,2,в,,%2c#,99.0,0.0,0.0,0.0,0.0,0.0,0.0,0.0
98,filler,59,0,filler_ungram,4,Masc,0,105N,Acc,0,3,лабораторию,,%2c#,99.0,449.0,449.0,449.0,449.0,449.0,1.0,0.0
98,filler,59,0,filler_ungram,4,Masc,0,105N,Acc,0,4,часто,,%2c#,99.0,0.0,0.0,0.0,0.0,0.0,0.0,0.0
98,filler,59,0,filler_ungram,4,Masc,0,105N,Acc,0,5,и,,%2c#,99.0,0.0,0.0,0.0,0.0,0.0,0.0,0.0
98,filler,59,0,filler_ungram,4,Masc,0,105N,Acc,0,6,всегда,,%2c#,99.0,551.0,551.0,551.0,551.0,551.0,1.0,0.0
98,filler,59,0,filler_ungram,4,Masc,0,105N,Acc,0,7,с,,%2c#,99.0,0.0,0.0,0.0,0.0,0.0,0.0,0.0
98,filler,59,0,filler_ungram,4,Masc,0,105N,Acc,0,8,удовольствием.,,%2c#,99.0,200.0,757.0,200.0,757.0,757.0,1.0,0.0
98,filler,60,0,filler_gram,5,Masc,0,105Y,Prep,0,0,Ученик,Да,Да,1.0,351.0,351.0,351.0,351.0,351.0,1.0,0.0
98,filler,60,0,filler_gram,5,Masc,0,105Y,Prep,0,1,работает,Да,Да,1.0,1150.0,1150.0,1150.0,1150.0,1150.0,1.0,0.0
98,filler,60,0,filler_gram,5,Masc,0,105Y,Prep,0,2,в,Да,Да,1.0,0.0,0.0,0.0,0.0,0.0,0.0,0.0
98,filler,60,0,filler_gram,5,Masc,0,105Y,Prep,0,3,лаборатории,Да,Да,1.0,400.0,400.0,400.0,400.0,400.0,1.0,0.0
98,filler,60,0,filler_gram,5,Masc,0,105Y,Prep,0,4,часто,Да,Да,1.0,350.0,350.0,350.0,350.0,350.0,1.0,0.0
98,filler,60,0,filler_gram,5,Masc,0,105Y,Prep,0,5,и,Да,Да,1.0,0.0,0.0,0.0,0.0,0.0,0.0,0.0
98,filler,60,0,filler_gram,5,Masc,0,105Y,Prep,0,6,всегда,Да,Да,1.0,250.0,250.0,250.0,250.0,250.0,1.0,0.0
98,filler,60,0,filler_gram,5,Masc,0,105Y,Prep,0,7,с,Да,Да,1.0,0.0,0.0,0.0,0.0,0.0,0.0,0.0
98,filler,60,0,filler_gram,5,Masc,0,105Y,Prep,0,8,удовольствием.,Да,Да,1.0,399.0,399.0,399.0,399.0,399.0,1.0,0.0
98,filler,61,0,filler_ungram,4,Masc,0,106N,Instr,0,0,Художник,,%2c#,99.0,549.0,850.0,549.0,549.0,549.0,1.0,0.0
98,filler,61,0,filler_ungram,4,Masc,0,106N,Instr,0,1,едет,,%2c#,99.0,401.0,401.0,401.0,401.0,401.0,1.0,0.0
98,filler,61,0,filler_ungram,4,Masc,0,106N,Instr,0,2,в,,%2c#,99.0,0.0,0.0,0.0,0.0,0.0,0.0,0.0
98,filler,61,0,filler_ungram,4,Masc,0,106N,Instr,0,3,командировкой,,%2c#,99.0,650.0,2103.0,650.0,650.0,650.0,1.0,0.0
98,filler,61,0,filler_ungram,4,Masc,0,106N,Instr,0,4,неохотно,,%2c#,99.0,499.0,897.0,499.0,499.0,499.0,1.0,0.0
98,filler,61,0,filler_ungram,4,Masc,0,106N,Instr,0,5,и,,%2c#,99.0,0.0,0.0,0.0,0.0,0.0,0.0,0.0
98,filler,61,0,filler_ungram,4,Masc,0,106N,Instr,0,6,быстро,,%2c#,99.0,251.0,251.0,251.0,251.0,251.0,1.0,0.0
98,filler,61,0,filler_ungram,4,Masc,0,106N,Instr,0,7,возвращается.,,%2c#,99.0,1149.0,1149.0,1149.0,1149.0,3301.0,1.0,1.0
98,filler,62,0,filler_gram,5,Masc,0,106Y,Acc,0,0,Художник,Нет,Нет,1.0,950.0,950.0,950.0,950.0,950.0,1.0,0.0
98,filler,62,0,filler_gram,5,Masc,0,106Y,Acc,0,1,едет,Нет,Нет,1.0,0.0,0.0,0.0,0.0,0.0,0.0,0.0
98,filler,62,0,filler_gram,5,Masc,0,106Y,Acc,0,2,в,Нет,Нет,1.0,0.0,0.0,0.0,0.0,0.0,0.0,0.0
98,filler,62,0,filler_gram,5,Masc,0,106Y,Acc,0,3,командировку,Нет,Нет,1.0,450.0,450.0,450.0,450.0,450.0,1.0,0.0
98,filler,62,0,filler_gram,5,Masc,0,106Y,Acc,0,4,неохотно,Нет,Нет,1.0,301.0,301.0,301.0,301.0,301.0,1.0,0.0
98,filler,62,0,filler_gram,5,Masc,0,106Y,Acc,0,5,и,Нет,Нет,1.0,0.0,0.0,0.0,0.0,0.0,0.0,0.0
98,filler,62,0,filler_gram,5,Masc,0,106Y,Acc,0,6,быстро,Нет,Нет,1.0,0.0,0.0,0.0,0.0,0.0,0.0,0.0
98,filler,62,0,filler_gram,5,Masc,0,106Y,Acc,0,7,возвращается.,Нет,Нет,1.0,0.0,0.0,0.0,0.0,0.0,0.0,0.0
98,filler,63,0,filler_ungram,4,Masc,0,107N,Acc,0,0,Студент,,%2c#,99.0,551.0,551.0,551.0,551.0,551.0,1.0,0.0
98,filler,63,0,filler_ungram,4,Masc,0,107N,Acc,0,1,играет,,%2c#,99.0,400.0,600.0,400.0,400.0,400.0,1.0,0.0
98,filler,63,0,filler_ungram,4,Masc,0,107N,Acc,0,2,на,,%2c#,99.0,0.0,0.0,0.0,0.0,0.0,0.0,0.0
98,filler,63,0,filler_ungram,4,Masc,0,107N,Acc,0,3,площадку,,%2c#,99.0,550.0,851.0,550.0,550.0,550.0,1.0,0.0
98,filler,63,0,filler_ungram,4,Masc,0,107N,Acc,0,4,на,,%2c#,99.0,200.0,200.0,200.0,200.0,200.0,1.0,0.0
98,filler,63,0,filler_ungram,4,Masc,0,107N,Acc,0,5,скрипке,,%2c#,99.0,199.0,999.0,199.0,649.0,950.0,1.0,1.0
98,filler,63,0,filler_ungram,4,Masc,0,107N,Acc,0,6,тихо,,%2c#,99.0,200.0,200.0,200.0,200.0,200.0,1.0,0.0
98,filler,63,0,filler_ungram,4,Masc,0,107N,Acc,0,7,и,,%2c#,99.0,0.0,0.0,0.0,0.0,0.0,0.0,0.0
98,filler,63,0,filler_ungram,4,Masc,0,107N,Acc,0,8,неумело.,,%2c#,99.0,0.0,0.0,0.0,0.0,0.0,0.0,0.0
98,filler,64,0,filler_gram,5,Masc,0,107Y,Prep,0,0,Студент,Нет,Нет,1.0,800.0,800.0,800.0,800.0,800.0,1.0,0.0
98,filler,64,0,filler_gram,5,Masc,0,107Y,Prep,0,1,играет,Нет,Нет,1.0,700.0,700.0,0.0,0.0,0.0,0.0,0.0
98,filler,64,0,filler_gram,5,Masc,0,107Y,Prep,0,2,на,Нет,Нет,1.0,200.0,200.0,200.0,200.0,200.0,1.0,0.0
98,filler,64,0,filler_gram,5,Masc,0,107Y,Prep,0,3,площадке,Нет,Нет,1.0,449.0,648.0,449.0,449.0,449.0,1.0,0.0
98,filler,64,0,filler_gram,5,Masc,0,107Y,Prep,0,4,на,Нет,Нет,1.0,0.0,0.0,0.0,0.0,0.0,0.0,0.0
98,filler,64,0,filler_gram,5,Masc,0,107Y,Prep,0,5,скрипке,Нет,Нет,1.0,450.0,900.0,450.0,450.0,450.0,1.0,0.0
98,filler,64,0,filler_gram,5,Masc,0,107Y,Prep,0,6,тихо,Нет,Нет,1.0,400.0,400.0,400.0,400.0,400.0,1.0,0.0
98,filler,64,0,filler_gram,5,Masc,0,107Y,Prep,0,7,и,Нет,Нет,1.0,0.0,0.0,0.0,0.0,0.0,0.0,0.0
98,filler,64,0,filler_gram,5,Masc,0,107Y,Prep,0,8,неумело.,Нет,Нет,1.0,0.0,0.0,0.0,0.0,0.0,0.0,0.0
98,filler,65,0,filler_ungram,4,Masc,0,108N,Instr,0,0,Директор,,%2c#,99.0,400.0,400.0,400.0,400.0,400.0,1.0,0.0
98,filler,65,0,filler_ungram,4,Masc,0,108N,Instr,0,1,уходит,,%2c#,99.0,201.0,201.0,201.0,201.0,201.0,1.0,0.0
98,filler,65,0,filler_ungram,4,Masc,0,108N,Instr,0,2,на,,%2c#,99.0,200.0,200.0,200.0,200.0,200.0,1.0,0.0
98,filler,65,0,filler_ungram,4,Masc,0,108N,Instr,0,3,работой,,%2c#,99.0,301.0,601.0,301.0,301.0,301.0,1.0,0.0
98,filler,65,0,filler_ungram,4,Masc,0,108N,Instr,0,4,рано,,%2c#,99.0,248.0,648.0,248.0,648.0,948.0,1.0,1.0
98,filler,65,0,filler_ungram,4,Masc,0,108N,Instr,0,5,и,,%2c#,99.0,0.0,0.0,0.0,0.0,0.0,0.0,0.0
98,filler,65,0,filler_ungram,4,Masc,0,108N,Instr,0,6,остается,,%2c#,99.0,300.0,300.0,300.0,300.0,300.0,1.0,0.0
98,filler,65,0,filler_ungram,4,Masc,0,108N,Instr,0,7,допоздна.,,%2c#,99.0,450.0,450.0,450.0,450.0,450.0,1.0,0.0
98,filler,66,0,filler_gram,5,Masc,0,108Y,Acc,0,0,Директор,Да,Да,1.0,500.0,500.0,500.0,500.0,500.0,1.0,0.0
98,filler,66,0,filler_gram,5,Masc,0,108Y,Acc,0,1,уходит,Да,Да,1.0,249.0,249.0,249.0,249.0,249.0,1.0,0.0
98,filler,66,0,filler_gram,5,Masc,0,108Y,Acc,0,2,на,Да,Да,1.0,0.0,0.0,0.0,0.0,0.0,0.0,0.0
98,filler,66,0,filler_gram,5,Masc,0,108Y,Acc,0,3,работу,Да,Да,1.0,301.0,301.0,301.0,301.0,301.0,1.0,0.0
98,filler,66,0,filler_gram,5,Masc,0,108Y,Acc,0,4,рано,Да,Да,1.0,199.0,199.0,199.0,199.0,199.0,1.0,0.0
98,filler,66,0,filler_gram,5,Masc,0,108Y,Acc,0,5,и,Да,Да,1.0,2961.0,2961.0,0.0,0.0,0.0,0.0,0.0
98,filler,66,0,filler_gram,5,Masc,0,108Y,Acc,0,6,остается,Да,Да,1.0,400.0,700.0,400.0,400.0,400.0,1.0,0.0
98,filler,66,0,filler_gram,5,Masc,0,108Y,Acc,0,7,допоздна.,Да,Да,1.0,350.0,350.0,350.0,350.0,3611.0,1.0,1.0
98,filler,87,0,filler_ungram,4,Fem,0,119N,Acc,0,0,Девушка,,%2c#,99.0,599.0,599.0,0.0,0.0,0.0,0.0,0.0
98,filler,87,0,filler_ungram,4,Fem,0,119N,Acc,0,1,курит,,%2c#,99.0,200.0,401.0,200.0,401.0,1000.0,1.0,1.0
98,filler,87,0,filler_ungram,4,Fem,0,119N,Acc,0,2,в,,%2c#,99.0,0.0,0.0,0.0,0.0,0.0,0.0,0.0
98,filler,87,0,filler_ungram,4,Fem,0,119N,Acc,0,3,офис,,%2c#,99.0,0.0,0.0,0.0,0.0,0.0,0.0,0.0
98,filler,87,0,filler_ungram,4,Fem,0,119N,Acc,0,4,открыто,,%2c#,99.0,0.0,0.0,0.0,0.0,0.0,0.0,0.0
98,filler,87,0,filler_ungram,4,Fem,0,119N,Acc,0,5,вопреки,,%2c#,99.0,249.0,249.0,249.0,249.0,249.0,1.0,0.0
98,filler,87,0,filler_ungram,4,Fem,0,119N,Acc,0,6,правилам.,,%2c#,99.0,300.0,300.0,300.0,300.0,300.0,1.0,0.0
98,filler,88,0,filler_gram,5,Fem,0,119Y,Prep,0,0,Девушка,да,да,1.0,501.0,501.0,501.0,501.0,501.0,1.0,0.0
98,filler,88,0,filler_gram,5,Fem,0,119Y,Prep,0,1,курит,да,да,1.0,349.0,349.0,349.0,349.0,349.0,1.0,0.0
98,filler,88,0,filler_gram,5,Fem,0,119Y,Prep,0,2,в,да,да,1.0,0.0,0.0,0.0,0.0,0.0,0.0,0.0
98,filler,88,0,filler_gram,5,Fem,0,119Y,Prep,0,3,офисе,да,да,1.0,0.0,0.0,0.0,0.0,0.0,0.0,0.0
98,filler,88,0,filler_gram,5,Fem,0,119Y,Prep,0,4,открыто,да,да,1.0,351.0,351.0,351.0,351.0,351.0,1.0,0.0
98,filler,88,0,filler_gram,5,Fem,0,119Y,Prep,0,5,вопреки,да,да,1.0,200.0,200.0,200.0,200.0,200.0,1.0,0.0
98,filler,88,0,filler_gram,5,Fem,0,119Y,Prep,0,6,правилам.,да,да,1.0,398.0,398.0,398.0,398.0,398.0,1.0,0.0
98,filler,89,0,filler_ungram,4,Fem,0,120N,Instr,0,0,Студентка,Нет,Нет,1.0,950.0,950.0,950.0,950.0,950.0,1.0,0.0
98,filler,89,0,filler_ungram,4,Fem,0,120N,Instr,0,1,выбегает,Нет,Нет,1.0,851.0,1601.0,851.0,851.0,851.0,1.0,0.0
98,filler,89,0,filler_ungram,4,Fem,0,120N,Instr,0,2,в,Нет,Нет,1.0,0.0,0.0,0.0,0.0,0.0,0.0,0.0
98,filler,89,0,filler_ungram,4,Fem,0,120N,Instr,0,3,коридором,Нет,Нет,1.0,900.0,900.0,0.0,0.0,0.0,0.0,0.0
98,filler,89,0,filler_ungram,4,Fem,0,120N,Instr,0,4,быстро,Нет,Нет,1.0,400.0,1000.0,400.0,1000.0,1900.0,1.0,1.0
98,filler,89,0,filler_ungram,4,Fem,0,120N,Instr,0,5,и,Нет,Нет,1.0,349.0,349.0,0.0,0.0,0.0,0.0,0.0
98,filler,89,0,filler_ungram,4,Fem,0,120N,Instr,0,6,сразу,Нет,Нет,1.0,250.0,250.0,250.0,250.0,599.0,1.0,1.0
98,filler,89,0,filler_ungram,4,Fem,0,120N,Instr,0,7,прячется.,Нет,Нет,1.0,0.0,0.0,0.0,0.0,0.0,0.0,0.0
98,filler,90,0,filler_gram,5,Fem,0,120Y,Acc,0,0,Студентка,,%2c#,99.0,950.0,950.0,950.0,950.0,950.0,1.0,0.0
98,filler,90,0,filler_gram,5,Fem,0,120Y,Acc,0,1,выбегает,,%2c#,99.0,349.0,599.0,349.0,349.0,349.0,1.0,0.0
98,filler,90,0,filler_gram,5,Fem,0,120Y,Acc,0,2,в,,%2c#,99.0,250.0,250.0,0.0,0.0,0.0,0.0,0.0
98,filler,90,0,filler_gram,5,Fem,0,120Y,Acc,0,3,коридор,,%2c#,99.0,350.0,350.0,350.0,350.0,850.0,1.0,1.0
98,filler,90,0,filler_gram,5,Fem,0,120Y,Acc,0,4,быстро,,%2c#,99.0,199.0,199.0,199.0,199.0,199.0,1.0,0.0
98,filler,90,0,filler_gram,5,Fem,0,120Y,Acc,0,5,и,,%2c#,99.0,0.0,0.0,0.0,0.0,0.0,0.0,0.0
98,filler,90,0,filler_gram,5,Fem,0,120Y,Acc,0,6,сразу,,%2c#,99.0,398.0,398.0,398.0,398.0,398.0,1.0,0.0
98,filler,90,0,filler_gram,5,Fem,0,120Y,Acc,0,7,прячется.,,%2c#,99.0,0.0,0.0,0.0,0.0,0.0,0.0,0.0
98,filler,91,0,filler_ungram,4,Fem,0,121N,Acc,0,0,Девочка,,%2c#,99.0,499.0,499.0,499.0,499.0,499.0,1.0,0.0
98,filler,91,0,filler_ungram,4,Fem,0,121N,Acc,0,1,отдыхает,,%2c#,99.0,601.0,601.0,601.0,601.0,601.0,1.0,0.0
98,filler,91,0,filler_ungram,4,Fem,0,121N,Acc,0,2,на,,%2c#,99.0,0.0,0.0,0.0,0.0,0.0,0.0,0.0
98,filler,91,0,filler_ungram,4,Fem,0,121N,Acc,0,3,диван,,%2c#,99.0,299.0,299.0,299.0,299.0,299.0,1.0,0.0
98,filler,91,0,filler_ungram,4,Fem,0,121N,Acc,0,4,спокойно,,%2c#,99.0,401.0,401.0,401.0,401.0,401.0,1.0,0.0
98,filler,91,0,filler_ungram,4,Fem,0,121N,Acc,0,5,и,,%2c#,99.0,0.0,0.0,0.0,0.0,0.0,0.0,0.0
98,filler,91,0,filler_ungram,4,Fem,0,121N,Acc,0,6,никого,,%2c#,99.0,201.0,201.0,201.0,201.0,201.0,1.0,0.0
98,filler,91,0,filler_ungram,4,Fem,0,121N,Acc,0,7,не,,%2c#,99.0,0.0,0.0,0.0,0.0,0.0,0.0,0.0
98,filler,91,0,filler_ungram,4,Fem,0,121N,Acc,0,8,зовет.,,%2c#,99.0,775.0,775.0,775.0,775.0,775.0,1.0,0.0
98,filler,92,0,filler_gram,5,Fem,0,121Y,Prep,0,0,Девочка,нет,нет,1.0,500.0,500.0,500.0,500.0,500.0,1.0,0.0
98,filler,92,0,filler_gram,5,Fem,0,121Y,Prep,0,1,отдыхает,нет,нет,1.0,400.0,400.0,400.0,400.0,400.0,1.0,0.0
98,filler,92,0,filler_gram,5,Fem,0,121Y,Prep,0,2,на,нет,нет,1.0,0.0,0.0,0.0,0.0,0.0,0.0,0.0
98,filler,92,0,filler_gram,5,Fem,0,121Y,Prep,0,3,диване,нет,нет,1.0,201.0,201.0,201.0,201.0,201.0,1.0,0.0
98,filler,92,0,filler_gram,5,Fem,0,121Y,Prep,0,4,спокойно,нет,нет,1.0,399.0,399.0,399.0,399.0,399.0,1.0,0.0
98,filler,92,0,filler_gram,5,Fem,0,121Y,Prep,0,5,и,нет,нет,1.0,0.0,0.0,0.0,0.0,0.0,0.0,0.0
98,filler,92,0,filler_gram,5,Fem,0,121Y,Prep,0,6,никого,нет,нет,1.0,251.0,251.0,251.0,251.0,251.0,1.0,0.0
98,filler,92,0,filler_gram,5,Fem,0,121Y,Prep,0,7,не,нет,нет,1.0,3364.0,3364.0,3364.0,3364.0,3364.0,1.0,0.0
98,filler,92,0,filler_gram,5,Fem,0,121Y,Prep,0,8,зовет.,нет,нет,1.0,0.0,0.0,0.0,0.0,0.0,0.0,0.0
98,filler,93,0,filler_ungram,4,Fem,0,122N,Instr,0,0,Учительница,Да,Да,1.0,950.0,1549.0,950.0,950.0,950.0,1.0,0.0
98,filler,93,0,filler_ungram,4,Fem,0,122N,Instr,0,1,спешит,Да,Да,1.0,649.0,649.0,649.0,649.0,649.0,1.0,0.0
98,filler,93,0,filler_ungram,4,Fem,0,122N,Instr,0,2,в,Да,Да,1.0,350.0,350.0,350.0,350.0,350.0,1.0,0.0
98,filler,93,0,filler_ungram,4,Fem,0,122N,Instr,0,3,кабинетом,Да,Да,1.0,1700.0,2000.0,1700.0,1700.0,1700.0,1.0,0.0
98,filler,93,0,filler_ungram,4,Fem,0,122N,Instr,0,4,по,Да,Да,1.0,200.0,399.0,200.0,200.0,200.0,1.0,0.0
98,filler,93,0,filler_ungram,4,Fem,0,122N,Instr,0,5,срочному,Да,Да,1.0,351.0,3866.0,351.0,351.0,351.0,1.0,0.0
98,filler,93,0,filler_ungram,4,Fem,0,122N,Instr,0,6,вызову,Да,Да,1.0,500.0,500.0,500.0,500.0,500.0,1.0,0.0
98,filler,93,0,filler_ungram,4,Fem,0,122N,Instr,0,7,директора.,Да,Да,1.0,299.0,299.0,299.0,299.0,4912.0,1.0,1.0
98,filler,94,0,filler_gram,5,Fem,0,122Y,Acc,0,0,Учительница,,%2c#,99.0,250.0,449.0,250.0,449.0,449.0,1.0,0.0
98,filler,94,0,filler_gram,5,Fem,0,122Y,Acc,0,1,спешит,,%2c#,99.0,650.0,650.0,650.0,650.0,650.0,1.0,0.0
98,filler,94,0,filler_gram,5,Fem,0,122Y,Acc,0,2,в,,%2c#,99.0,0.0,0.0,0.0,0.0,0.0,0.0,0.0
98,filler,94,0,filler_gram,5,Fem,0,122Y,Acc,0,3,кабинет,,%2c#,99.0,550.0,550.0,550.0,550.0,550.0,1.0,0.0
98,filler,94,0,filler_gram,5,Fem,0,122Y,Acc,0,4,по,,%2c#,99.0,0.0,0.0,0.0,0.0,0.0,0.0,0.0
98,filler,94,0,filler_gram,5,Fem,0,122Y,Acc,0,5,срочному,,%2c#,99.0,451.0,451.0,451.0,451.0,451.0,1.0,0.0
98,filler,94,0,filler_gram,5,Fem,0,122Y,Acc,0,6,вызову,,%2c#,99.0,450.0,450.0,450.0,450.0,450.0,1.0,0.0
98,filler,94,0,filler_gram,5,Fem,0,122Y,Acc,0,7,директора.,,%2c#,99.0,849.0,849.0,849.0,849.0,849.0,1.0,0.0
98,filler,95,0,filler_ungram,4,Fem,0,123N,Acc,0,0,Женщина,,%2c#,99.0,651.0,651.0,651.0,651.0,651.0,1.0,0.0
98,filler,95,0,filler_ungram,4,Fem,0,123N,Acc,0,1,выглядит,,%2c#,99.0,1000.0,1000.0,1000.0,1000.0,1000.0,1.0,0.0
98,filler,95,0,filler_ungram,4,Fem,0,123N,Acc,0,2,в,,%2c#,99.0,0.0,0.0,0.0,0.0,0.0,0.0,0.0
98,filler,95,0,filler_ungram,4,Fem,0,123N,Acc,0,3,журнал,,%2c#,99.0,348.0,348.0,348.0,348.0,348.0,1.0,0.0
98,filler,95,0,filler_ungram,4,Fem,0,123N,Acc,0,4,сильно,,%2c#,99.0,249.0,249.0,249.0,249.0,249.0,1.0,0.0
98,filler,95,0,filler_ungram,4,Fem,0,123N,Acc,0,5,моложе,,%2c#,99.0,201.0,201.0,201.0,201.0,201.0,1.0,0.0
98,filler,95,0,filler_ungram,4,Fem,0,123N,Acc,0,6,своих,,%2c#,99.0,0.0,0.0,0.0,0.0,0.0,0.0,0.0
98,filler,95,0,filler_ungram,4,Fem,0,123N,Acc,0,7,лет.,,%2c#,99.0,0.0,0.0,0.0,0.0,0.0,0.0,0.0
98,filler,96,0,filler_gram,5,Fem,0,123Y,Prep,0,0,Женщина,Да,Да,1.0,649.0,649.0,649.0,649.0,649.0,1.0,0.0
98,filler,96,0,filler_gram,5,Fem,0,123Y,Prep,0,1,выглядит,Да,Да,1.0,600.0,900.0,600.0,600.0,600.0,1.0,0.0
98,filler,96,0,filler_gram,5,Fem,0,123Y,Prep,0,2,в,Да,Да,1.0,0.0,0.0,0.0,0.0,0.0,0.0,0.0
98,filler,96,0,filler_gram,5,Fem,0,123Y,Prep,0,3,журнале,Да,Да,1.0,0.0,0.0,0.0,0.0,0.0,0.0,0.0
98,filler,96,0,filler_gram,5,Fem,0,123Y,Prep,0,4,сильно,Да,Да,1.0,251.0,801.0,251.0,801.0,1101.0,1.0,1.0
98,filler,96,0,filler_gram,5,Fem,0,123Y,Prep,0,5,моложе,Да,Да,1.0,0.0,0.0,0.0,0.0,0.0,0.0,0.0
98,filler,96,0,filler_gram,5,Fem,0,123Y,Prep,0,6,своих,Да,Да,1.0,400.0,400.0,400.0,400.0,400.0,1.0,0.0
98,filler,96,0,filler_gram,5,Fem,0,123Y,Prep,0,7,лет.,Да,Да,1.0,250.0,250.0,250.0,250.0,250.0,1.0,0.0
98,filler,97,0,filler_ungram,4,Fem,0,124N,Acc,0,0,Рыба,Нет,Да,0.0,451.0,451.0,451.0,451.0,451.0,1.0,0.0
98,filler,97,0,filler_ungram,4,Fem,0,124N,Acc,0,1,плавает,Нет,Да,0.0,551.0,551.0,551.0,551.0,551.0,1.0,0.0
98,filler,97,0,filler_ungram,4,Fem,0,124N,Acc,0,2,в,Нет,Да,0.0,0.0,0.0,0.0,0.0,0.0,0.0,0.0
98,filler,97,0,filler_ungram,4,Fem,0,124N,Acc,0,3,аквариум,Нет,Да,0.0,701.0,701.0,701.0,701.0,701.0,1.0,0.0
98,filler,97,0,filler_ungram,4,Fem,0,124N,Acc,0,4,неторопливо,Нет,Да,0.0,802.0,802.0,802.0,802.0,802.0,1.0,0.0
98,filler,97,0,filler_ungram,4,Fem,0,124N,Acc,0,5,среди,Нет,Да,0.0,249.0,249.0,249.0,249.0,249.0,1.0,0.0
98,filler,97,0,filler_ungram,4,Fem,0,124N,Acc,0,6,водорослей.,Нет,Да,0.0,0.0,0.0,0.0,0.0,0.0,0.0,0.0
98,filler,98,0,filler_gram,5,Fem,0,124Y,Prep,0,0,Рыба,,%2c#,99.0,599.0,599.0,599.0,599.0,599.0,1.0,0.0
98,filler,98,0,filler_gram,5,Fem,0,124Y,Prep,0,1,плавает,,%2c#,99.0,350.0,350.0,350.0,350.0,350.0,1.0,0.0
98,filler,98,0,filler_gram,5,Fem,0,124Y,Prep,0,2,в,,%2c#,99.0,0.0,0.0,0.0,0.0,0.0,0.0,0.0
98,filler,98,0,filler_gram,5,Fem,0,124Y,Prep,0,3,аквариуме,,%2c#,99.0,201.0,201.0,201.0,201.0,201.0,1.0,0.0
98,filler,98,0,filler_gram,5,Fem,0,124Y,Prep,0,4,неторопливо,,%2c#,99.0,551.0,551.0,551.0,551.0,551.0,1.0,0.0
98,filler,98,0,filler_gram,5,Fem,0,124Y,Prep,0,5,среди,,%2c#,99.0,300.0,300.0,300.0,300.0,300.0,1.0,0.0
98,filler,98,0,filler_gram,5,Fem,0,124Y,Prep,0,6,водорослей.,,%2c#,99.0,801.0,801.0,801.0,801.0,801.0,1.0,0.0
98,filler,99,0,filler_ungram,4,Fem,0,125N,Acc,0,0,Официантка,,%2c#,99.0,500.0,799.0,500.0,500.0,500.0,1.0,0.0
98,filler,99,0,filler_ungram,4,Fem,0,125N,Acc,0,1,работает,,%2c#,99.0,251.0,251.0,251.0,251.0,550.0,1.0,1.0
98,filler,99,0,filler_ungram,4,Fem,0,125N,Acc,0,2,в,,%2c#,99.0,0.0,0.0,0.0,0.0,0.0,0.0,0.0
98,filler,99,0,filler_ungram,4,Fem,0,125N,Acc,0,3,ресторан,,%2c#,99.0,298.0,298.0,298.0,298.0,298.0,1.0,0.0
98,filler,99,0,filler_ungram,4,Fem,0,125N,Acc,0,4,усерднее,,%2c#,99.0,351.0,351.0,351.0,351.0,351.0,1.0,0.0
98,filler,99,0,filler_ungram,4,Fem,0,125N,Acc,0,5,всех,,%2c#,99.0,301.0,301.0,301.0,301.0,301.0,1.0,0.0
98,filler,99,0,filler_ungram,4,Fem,0,125N,Acc,0,6,остальных.,,%2c#,99.0,0.0,0.0,0.0,0.0,0.0,0.0,0.0
98,filler,100,0,filler_gram,5,Fem,0,125Y,Prep,0,0,Официантка,Да,Да,1.0,749.0,1101.0,749.0,749.0,749.0,1.0,0.0
98,filler,100,0,filler_gram,5,Fem,0,125Y,Prep,0,1,работает,Да,Да,1.0,200.0,698.0,200.0,200.0,200.0,1.0,0.0
98,filler,100,0,filler_gram,5,Fem,0,125Y,Prep,0,2,в,Да,Да,1.0,450.0,450.0,450.0,450.0,1300.0,1.0,1.0
98,filler,100,0,filler_gram,5,Fem,0,125Y,Prep,0,3,ресторане,Да,Да,1.0,499.0,499.0,499.0,499.0,499.0,1.0,0.0
98,filler,100,0,filler_gram,5,Fem,0,125Y,Prep,0,4,усерднее,Да,Да,1.0,400.0,400.0,400.0,400.0,400.0,1.0,0.0
98,filler,100,0,filler_gram,5,Fem,0,125Y,Prep,0,5,всех,Да,Да,1.0,0.0,0.0,0.0,0.0,0.0,0.0,0.0
98,filler,100,0,filler_gram,5,Fem,0,125Y,Prep,0,6,остальных.,Да,Да,1.0,0.0,0.0,0.0,0.0,0.0,0.0,0.0
98,filler,101,0,filler_ungram,4,Fem,0,126N,Instr,0,0,Медсестра,Нет,Нет,1.0,650.0,901.0,650.0,650.0,650.0,1.0,0.0
98,filler,101,0,filler_ungram,4,Fem,0,126N,Instr,0,1,уходит,Нет,Нет,1.0,500.0,500.0,500.0,500.0,500.0,1.0,0.0
98,filler,101,0,filler_ungram,4,Fem,0,126N,Instr,0,2,в,Нет,Нет,1.0,0.0,0.0,0.0,0.0,0.0,0.0,0.0
98,filler,101,0,filler_ungram,4,Fem,0,126N,Instr,0,3,госпиталем,Нет,Нет,1.0,351.0,351.0,351.0,351.0,351.0,1.0,0.0
98,filler,101,0,filler_ungram,4,Fem,0,126N,Instr,0,4,на,Нет,Нет,1.0,0.0,0.0,0.0,0.0,0.0,0.0,0.0
98,filler,101,0,filler_ungram,4,Fem,0,126N,Instr,0,5,дежурство,Нет,Нет,1.0,649.0,649.0,649.0,649.0,649.0,1.0,0.0
98,filler,101,0,filler_ungram,4,Fem,0,126N,Instr,0,6,после,Нет,Нет,1.0,251.0,251.0,251.0,251.0,251.0,1.0,0.0
98,filler,101,0,filler_ungram,4,Fem,0,126N,Instr,0,7,обеда.,Нет,Нет,1.0,250.0,250.0,250.0,250.0,501.0,1.0,1.0
98,filler,102,0,filler_gram,5,Fem,0,126Y,Acc,0,0,Медсестра,,%2c#,99.0,1200.0,1200.0,1200.0,1200.0,1200.0,1.0,0.0
98,filler,102,0,filler_gram,5,Fem,0,126Y,Acc,0,1,уходит,,%2c#,99.0,0.0,0.0,0.0,0.0,0.0,0.0,0.0
98,filler,102,0,filler_gram,5,Fem,0,126Y,Acc,0,2,в,,%2c#,99.0,0.0,0.0,0.0,0.0,0.0,0.0,0.0
98,filler,102,0,filler_gram,5,Fem,0,126Y,Acc,0,3,больницу,,%2c#,99.0,399.0,399.0,399.0,399.0,399.0,1.0,0.0
98,filler,102,0,filler_gram,5,Fem,0,126Y,Acc,0,4,на,,%2c#,99.0,0.0,0.0,0.0,0.0,0.0,0.0,0.0
98,filler,102,0,filler_gram,5,Fem,0,126Y,Acc,0,5,дежурство,,%2c#,99.0,900.0,900.0,900.0,900.0,900.0,1.0,0.0
98,filler,102,0,filler_gram,5,Fem,0,126Y,Acc,0,6,после,,%2c#,99.0,0.0,0.0,0.0,0.0,0.0,0.0,0.0
98,filler,102,0,filler_gram,5,Fem,0,126Y,Acc,0,7,обеда.,,%2c#,99.0,793.0,793.0,793.0,793.0,793.0,1.0,0.0
98,filler,123,0,filler_ungram,4,Neut,0,137N,Acc,0,0,Привидение,,%2c#,99.0,700.0,700.0,700.0,700.0,700.0,1.0,0.0
98,filler,123,0,filler_ungram,4,Neut,0,137N,Acc,0,1,живёт,,%2c#,99.0,450.0,450.0,450.0,450.0,450.0,1.0,0.0
98,filler,123,0,filler_ungram,4,Neut,0,137N,Acc,0,2,в,,%2c#,99.0,0.0,0.0,0.0,0.0,0.0,0.0,0.0
98,filler,123,0,filler_ungram,4,Neut,0,137N,Acc,0,3,шкаф,,%2c#,99.0,200.0,450.0,200.0,200.0,200.0,1.0,0.0
98,filler,123,0,filler_ungram,4,Neut,0,137N,Acc,0,4,давно,,%2c#,99.0,401.0,401.0,401.0,401.0,651.0,1.0,1.0
98,filler,123,0,filler_ungram,4,Neut,0,137N,Acc,0,5,и,,%2c#,99.0,0.0,0.0,0.0,0.0,0.0,0.0,0.0
98,filler,123,0,filler_ungram,4,Neut,0,137N,Acc,0,6,никого,,%2c#,99.0,201.0,201.0,201.0,201.0,201.0,1.0,0.0
98,filler,123,0,filler_ungram,4,Neut,0,137N,Acc,0,7,не,,%2c#,99.0,0.0,0.0,0.0,0.0,0.0,0.0,0.0
98,filler,123,0,filler_ungram,4,Neut,0,137N,Acc,0,8,беспокоит.,,%2c#,99.0,856.0,856.0,856.0,856.0,856.0,1.0,0.0
98,filler,124,0,filler_gram,5,Neut,0,137Y,Prep,0,0,Привидение,Нет,Нет,1.0,749.0,749.0,749.0,749.0,749.0,1.0,0.0
98,filler,124,0,filler_gram,5,Neut,0,137Y,Prep,0,1,живёт,Нет,Нет,1.0,300.0,300.0,300.0,300.0,300.0,1.0,0.0
98,filler,124,0,filler_gram,5,Neut,0,137Y,Prep,0,2,в,Нет,Нет,1.0,301.0,301.0,301.0,301.0,301.0,1.0,0.0
98,filler,124,0,filler_gram,5,Neut,0,137Y,Prep,0,3,шкафу,Нет,Нет,1.0,0.0,0.0,0.0,0.0,0.0,0.0,0.0
98,filler,124,0,filler_gram,5,Neut,0,137Y,Prep,0,4,давно,Нет,Нет,1.0,451.0,451.0,451.0,451.0,451.0,1.0,0.0
98,filler,124,0,filler_gram,5,Neut,0,137Y,Prep,0,5,и,Нет,Нет,1.0,0.0,0.0,0.0,0.0,0.0,0.0,0.0
98,filler,124,0,filler_gram,5,Neut,0,137Y,Prep,0,6,никого,Нет,Нет,1.0,199.0,549.0,199.0,199.0,199.0,1.0,0.0
98,filler,124,0,filler_gram,5,Neut,0,137Y,Prep,0,7,не,Нет,Нет,1.0,0.0,0.0,0.0,0.0,0.0,0.0,0.0
98,filler,124,0,filler_gram,5,Neut,0,137Y,Prep,0,8,беспокоит.,Нет,Нет,1.0,400.0,400.0,400.0,400.0,750.0,1.0,1.0
98,filler,125,0,filler_ungram,4,Neut,0,138N,Acc,0,0,Чучело,,%2c#,99.0,249.0,249.0,249.0,249.0,249.0,1.0,0.0
98,filler,125,0,filler_ungram,4,Neut,0,138N,Acc,0,1,висит,,%2c#,99.0,450.0,450.0,450.0,450.0,450.0,1.0,0.0
98,filler,125,0,filler_ungram,4,Neut,0,138N,Acc,0,2,в,,%2c#,99.0,0.0,0.0,0.0,0.0,0.0,0.0,0.0
98,filler,125,0,filler_ungram,4,Neut,0,138N,Acc,0,3,огород,,%2c#,99.0,299.0,299.0,299.0,299.0,299.0,1.0,0.0
98,filler,125,0,filler_ungram,4,Neut,0,138N,Acc,0,4,высоко,,%2c#,99.0,600.0,600.0,600.0,600.0,600.0,1.0,0.0
98,filler,125,0,filler_ungram,4,Neut,0,138N,Acc,0,5,и,,%2c#,99.0,0.0,0.0,0.0,0.0,0.0,0.0,0.0
98,filler,125,0,filler_ungram,4,Neut,0,138N,Acc,0,6,распугивает,,%2c#,99.0,400.0,400.0,400.0,400.0,400.0,1.0,0.0
98,filler,125,0,filler_ungram,4,Neut,0,138N,Acc,0,7,ворон.,,%2c#,99.0,300.0,300.0,300.0,300.0,300.0,1.0,0.0
98,filler,126,0,filler_gram,5,Neut,0,138Y,Prep,0,0,Чучело,да,да,1.0,450.0,450.0,450.0,450.0,450.0,1.0,0.0
98,filler,126,0,filler_gram,5,Neut,0,138Y,Prep,0,1,висит,да,да,1.0,249.0,249.0,249.0,249.0,249.0,1.0,0.0
98,filler,126,0,filler_gram,5,Neut,0,138Y,Prep,0,2,в,да,да,1.0,0.0,0.0,0.0,0.0,0.0,0.0,0.0
98,filler,126,0,filler_gram,5,Neut,0,138Y,Prep,0,3,огороде,да,да,1.0,0.0,0.0,0.0,0.0,0.0,0.0,0.0
98,filler,126,0,filler_gram,5,Neut,0,138Y,Prep,0,4,высоко,да,да,1.0,0.0,0.0,0.0,0.0,0.0,0.0,0.0
98,filler,126,0,filler_gram,5,Neut,0,138Y,Prep,0,5,и,да,да,1.0,0.0,0.0,0.0,0.0,0.0,0.0,0.0
98,filler,126,0,filler_gram,5,Neut,0,138Y,Prep,0,6,распугивает,да,да,1.0,299.0,299.0,299.0,299.0,299.0,1.0,0.0
98,filler,126,0,filler_gram,5,Neut,0,138Y,Prep,0,7,ворон.,да,да,1.0,0.0,0.0,0.0,0.0,0.0,0.0,0.0
98,filler,127,0,filler_ungram,4,Neut,0,139N,Acc,0,0,Шимпанзе,,%2c#,99.0,651.0,651.0,651.0,651.0,651.0,1.0,0.0
98,filler,127,0,filler_ungram,4,Neut,0,139N,Acc,0,1,замерзает,,%2c#,99.0,550.0,550.0,550.0,550.0,550.0,1.0,0.0
98,filler,127,0,filler_ungram,4,Neut,0,139N,Acc,0,2,на,,%2c#,99.0,0.0,0.0,0.0,0.0,0.0,0.0,0.0
98,filler,127,0,filler_ungram,4,Neut,0,139N,Acc,0,3,улицу,,%2c#,99.0,0.0,0.0,0.0,0.0,0.0,0.0,0.0
98,filler,127,0,filler_ungram,4,Neut,0,139N,Acc,0,4,мгновенно,,%2c#,99.0,1057.0,1057.0,1057.0,1057.0,1057.0,1.0,0.0
98,filler,127,0,filler_ungram,4,Neut,0,139N,Acc,0,5,и,,%2c#,99.0,0.0,0.0,0.0,0.0,0.0,0.0,0.0
98,filler,127,0,filler_ungram,4,Neut,0,139N,Acc,0,6,непоправимо.,,%2c#,99.0,0.0,0.0,0.0,0.0,0.0,0.0,0.0
98,filler,128,0,filler_gram,5,Neut,0,139Y,Prep,0,0,Шимпанзе,Нет,Нет,1.0,650.0,650.0,650.0,650.0,650.0,1.0,0.0
98,filler,128,0,filler_gram,5,Neut,0,139Y,Prep,0,1,замерзает,Нет,Нет,1.0,800.0,800.0,800.0,800.0,800.0,1.0,0.0
98,filler,128,0,filler_gram,5,Neut,0,139Y,Prep,0,2,на,Нет,Нет,1.0,0.0,0.0,0.0,0.0,0.0,0.0,0.0
98,filler,128,0,filler_gram,5,Neut,0,139Y,Prep,0,3,улице,Нет,Нет,1.0,200.0,200.0,200.0,200.0,200.0,1.0,0.0
98,filler,128,0,filler_gram,5,Neut,0,139Y,Prep,0,4,мгновенно,Нет,Нет,1.0,301.0,301.0,301.0,301.0,301.0,1.0,0.0
98,filler,128,0,filler_gram,5,Neut,0,139Y,Prep,0,5,и,Нет,Нет,1.0,0.0,0.0,0.0,0.0,0.0,0.0,0.0
98,filler,128,0,filler_gram,5,Neut,0,139Y,Prep,0,6,непоправимо.,Нет,Нет,1.0,0.0,0.0,0.0,0.0,0.0,0.0,0.0
98,filler,129,0,filler_ungram,4,Neut,0,140N,Instr,0,0,Животное,Нет,Нет,1.0,399.0,399.0,399.0,399.0,399.0,1.0,0.0
98,filler,129,0,filler_ungram,4,Neut,0,140N,Instr,0,1,залезает,Нет,Нет,1.0,451.0,451.0,451.0,451.0,451.0,1.0,0.0
98,filler,129,0,filler_ungram,4,Neut,0,140N,Instr,0,2,на,Нет,Нет,1.0,0.0,0.0,0.0,0.0,0.0,0.0,0.0
98,filler,129,0,filler_ungram,4,Neut,0,140N,Instr,0,3,лестницей,Нет,Нет,1.0,300.0,300.0,300.0,300.0,300.0,1.0,0.0
98,filler,129,0,filler_ungram,4,Neut,0,140N,Instr,0,4,медленно,Нет,Нет,1.0,500.0,500.0,500.0,500.0,500.0,1.0,0.0
98,filler,129,0,filler_ungram,4,Neut,0,140N,Instr,0,5,и,Нет,Нет,1.0,0.0,0.0,0.0,0.0,0.0,0.0,0.0
98,filler,129,0,filler_ungram,4,Neut,0,140N,Instr,0,6,с,Нет,Нет,1.0,0.0,0.0,0.0,0.0,0.0,0.0,0.0
98,filler,129,0,filler_ungram,4,Neut,0,140N,Instr,0,7,громким,Нет,Нет,1.0,0.0,0.0,0.0,0.0,0.0,0.0,0.0
98,filler,129,0,filler_ungram,4,Neut,0,140N,Instr,0,8,воем.,Нет,Нет,1.0,0.0,0.0,0.0,0.0,0.0,0.0,0.0
98,filler,130,0,filler_gram,5,Neut,0,140Y,Acc,0,0,Животное,,%2c#,99.0,1100.0,1399.0,1100.0,1100.0,1100.0,1.0,0.0
98,filler,130,0,filler_gram,5,Neut,0,140Y,Acc,0,1,залезает,,%2c#,99.0,1097.0,2597.0,1097.0,1097.0,1097.0,1.0,0.0
98,filler,130,0,filler_gram,5,Neut,0,140Y,Acc,0,2,на,,%2c#,99.0,1052.0,1052.0,1052.0,1052.0,2851.0,1.0,1.0
98,filler,130,0,filler_gram,5,Neut,0,140Y,Acc,0,3,лестницу,,%2c#,99.0,449.0,449.0,449.0,449.0,449.0,1.0,0.0
98,filler,130,0,filler_gram,5,Neut,0,140Y,Acc,0,4,медленно,,%2c#,99.0,551.0,551.0,551.0,551.0,551.0,1.0,0.0
98,filler,130,0,filler_gram,5,Neut,0,140Y,Acc,0,5,с,,%2c#,99.0,0.0,0.0,0.0,0.0,0.0,0.0,0.0
98,filler,130,0,filler_gram,5,Neut,0,140Y,Acc,0,6,громким,,%2c#,99.0,300.0,300.0,300.0,300.0,300.0,1.0,0.0
98,filler,130,0,filler_gram,5,Neut,0,140Y,Acc,0,7,воем.,,%2c#,99.0,950.0,950.0,950.0,950.0,950.0,1.0,0.0
98,filler,131,0,filler_ungram,4,Neut,0,141N,Acc,0,0,Чудовище,Нет,Нет,1.0,650.0,650.0,650.0,650.0,650.0,1.0,0.0
98,filler,131,0,filler_ungram,4,Neut,0,141N,Acc,0,1,живёт,Нет,Нет,1.0,550.0,900.0,550.0,550.0,550.0,1.0,0.0
98,filler,131,0,filler_ungram,4,Neut,0,141N,Acc,0,2,в,Нет,Нет,1.0,0.0,0.0,0.0,0.0,0.0,0.0,0.0
98,filler,131,0,filler_ungram,4,Neut,0,141N,Acc,0,3,воду,Нет,Нет,1.0,0.0,0.0,0.0,0.0,0.0,0.0,0.0
98,filler,131,0,filler_ungram,4,Neut,0,141N,Acc,0,4,незаметно,Нет,Нет,1.0,650.0,1200.0,650.0,1200.0,1550.0,1.0,1.0
98,filler,131,0,filler_ungram,4,Neut,0,141N,Acc,0,5,для,Нет,Нет,1.0,202.0,202.0,202.0,202.0,202.0,1.0,0.0
98,filler,131,0,filler_ungram,4,Neut,0,141N,Acc,0,6,людей.,Нет,Нет,1.0,348.0,348.0,348.0,348.0,348.0,1.0,0.0
98,filler,132,0,filler_gram,5,Neut,0,141Y,Prep,0,0,Чудовище,,%2c#,99.0,600.0,600.0,600.0,600.0,600.0,1.0,0.0
98,filler,132,0,filler_gram,5,Neut,0,141Y,Prep,0,1,живёт,,%2c#,99.0,500.0,500.0,500.0,500.0,500.0,1.0,0.0
98,filler,132,0,filler_gram,5,Neut,0,141Y,Prep,0,2,в,,%2c#,99.0,0.0,0.0,0.0,0.0,0.0,0.0,0.0
98,filler,132,0,filler_gram,5,Neut,0,141Y,Prep,0,3,воде,,%2c#,99.0,0.0,0.0,0.0,0.0,0.0,0.0,0.0
98,filler,132,0,filler_gram,5,Neut,0,141Y,Prep,0,4,незаметно,,%2c#,99.0,450.0,450.0,450.0,450.0,450.0,1.0,0.0
98,filler,132,0,filler_gram,5,Neut,0,141Y,Prep,0,5,для,,%2c#,99.0,299.0,299.0,299.0,299.0,299.0,1.0,0.0
98,filler,132,0,filler_gram,5,Neut,0,141Y,Prep,0,6,людей.,,%2c#,99.0,250.0,250.0,250.0,250.0,250.0,1.0,0.0
98,filler,133,0,filler_ungram,4,Neut,0,142N,Acc,0,0,Привидение,,%2c#,99.0,799.0,1149.0,799.0,799.0,799.0,1.0,0.0
98,filler,133,0,filler_ungram,4,Neut,0,142N,Acc,0,1,светится,,%2c#,99.0,750.0,1000.0,750.0,1000.0,1350.0,1.0,1.0
98,filler,133,0,filler_ungram,4,Neut,0,142N,Acc,0,2,в,,%2c#,99.0,0.0,0.0,0.0,0.0,0.0,0.0,0.0
98,filler,133,0,filler_ungram,4,Neut,0,142N,Acc,0,3,темноту,,%2c#,99.0,201.0,201.0,201.0,201.0,201.0,1.0,0.0
98,filler,133,0,filler_ungram,4,Neut,0,142N,Acc,0,4,страшно,,%2c#,99.0,551.0,551.0,551.0,551.0,551.0,1.0,0.0
98,filler,133,0,filler_ungram,4,Neut,0,142N,Acc,0,5,и,,%2c#,99.0,0.0,0.0,0.0,0.0,0.0,0.0,0.0
98,filler,133,0,filler_ungram,4,Neut,0,142N,Acc,0,6,всех,,%2c#,99.0,0.0,0.0,0.0,0.0,0.0,0.0,0.0
98,filler,133,0,filler_ungram,4,Neut,0,142N,Acc,0,7,пугает.,,%2c#,99.0,811.0,811.0,811.0,811.0,811.0,1.0,0.0
98,filler,134,0,filler_gram,5,Neut,0,142Y,Prep,0,0,Привидение,Да,Да,1.0,551.0,802.0,551.0,551.0,551.0,1.0,0.0
98,filler,134,0,filler_gram,5,Neut,0,142Y,Prep,0,1,светится,Да,Да,1.0,497.0,497.0,497.0,497.0,497.0,1.0,0.0
98,filler,134,0,filler_gram,5,Neut,0,142Y,Prep,0,2,в,Да,Да,1.0,0.0,0.0,0.0,0.0,0.0,0.0,0.0
98,filler,134,0,filler_gram,5,Neut,0,142Y,Prep,0,3,темноте,Да,Да,1.0,0.0,0.0,0.0,0.0,0.0,0.0,0.0
98,filler,134,0,filler_gram,5,Neut,0,142Y,Prep,0,4,страшно,Да,Да,1.0,450.0,651.0,450.0,450.0,450.0,1.0,0.0
98,filler,134,0,filler_gram,5,Neut,0,142Y,Prep,0,5,и,Да,Да,1.0,3493.0,3493.0,0.0,0.0,0.0,0.0,0.0
98,filler,134,0,filler_gram,5,Neut,0,142Y,Prep,0,6,всех,Да,Да,1.0,200.0,200.0,200.0,200.0,200.0,1.0,0.0
98,filler,134,0,filler_gram,5,Neut,0,142Y,Prep,0,7,пугает.,Да,Да,1.0,300.0,300.0,300.0,300.0,4245.0,1.0,1.0
98,filler,135,0,filler_ungram,4,Neut,0,143N,Instr,0,0,Чудовище,Да,Да,1.0,600.0,600.0,600.0,600.0,600.0,1.0,0.0
98,filler,135,0,filler_ungram,4,Neut,0,143N,Instr,0,1,кричит,Да,Да,1.0,0.0,0.0,0.0,0.0,0.0,0.0,0.0
98,filler,135,0,filler_ungram,4,Neut,0,143N,Instr,0,2,на,Да,Да,1.0,299.0,299.0,299.0,299.0,299.0,1.0,0.0
98,filler,135,0,filler_ungram,4,Neut,0,143N,Instr,0,3,крышей,Да,Да,1.0,0.0,0.0,0.0,0.0,0.0,0.0,0.0
98,filler,135,0,filler_ungram,4,Neut,0,143N,Instr,0,4,и,Да,Да,1.0,0.0,0.0,0.0,0.0,0.0,0.0,0.0
98,filler,135,0,filler_ungram,4,Neut,0,143N,Instr,0,5,страшно,Да,Да,1.0,249.0,249.0,249.0,249.0,249.0,1.0,0.0
98,filler,135,0,filler_ungram,4,Neut,0,143N,Instr,0,6,рычит,Да,Да,1.0,0.0,0.0,0.0,0.0,0.0,0.0,0.0
98,filler,135,0,filler_ungram,4,Neut,0,143N,Instr,0,7,от,Да,Да,1.0,200.0,200.0,200.0,200.0,200.0,1.0,0.0
98,filler,135,0,filler_ungram,4,Neut,0,143N,Instr,0,8,испуга.,Да,Да,1.0,3009.0,3009.0,3009.0,3009.0,3009.0,1.0,0.0
98,filler,136,0,filler_gram,5,Neut,0,143Y,Prep,0,0,Чудовище,,%2c#,99.0,600.0,600.0,600.0,600.0,600.0,1.0,0.0
98,filler,136,0,filler_gram,5,Neut,0,143Y,Prep,0,1,кричит,,%2c#,99.0,200.0,200.0,200.0,200.0,200.0,1.0,0.0
98,filler,136,0,filler_gram,5,Neut,0,143Y,Prep,0,2,на,,%2c#,99.0,0.0,0.0,0.0,0.0,0.0,0.0,0.0
98,filler,136,0,filler_gram,5,Neut,0,143Y,Prep,0,3,крыше,,%2c#,99.0,0.0,0.0,0.0,0.0,0.0,0.0,0.0
98,filler,136,0,filler_gram,5,Neut,0,143Y,Prep,0,4,и,,%2c#,99.0,349.0,349.0,349.0,349.0,349.0,1.0,0.0
98,filler,136,0,filler_gram,5,Neut,0,143Y,Prep,0,5,страшно,,%2c#,99.0,0.0,0.0,0.0,0.0,0.0,0.0,0.0
98,filler,136,0,filler_gram,5,Neut,0,143Y,Prep,0,6,рычит,,%2c#,99.0,349.0,349.0,349.0,349.0,349.0,1.0,0.0
98,filler,136,0,filler_gram,5,Neut,0,143Y,Prep,0,7,от,,%2c#,99.0,300.0,300.0,300.0,300.0,300.0,1.0,0.0
98,filler,136,0,filler_gram,5,Neut,0,143Y,Prep,0,8,испуга.,,%2c#,99.0,0.0,0.0,0.0,0.0,0.0,0.0,0.0
98,filler,137,0,filler_ungram,4,Neut,0,144N,Instr,0,0,Государство,Да,Да,1.0,949.0,949.0,949.0,949.0,949.0,1.0,0.0
98,filler,137,0,filler_ungram,4,Neut,0,144N,Instr,0,1,тратит,Да,Да,1.0,350.0,350.0,350.0,350.0,350.0,1.0,0.0
98,filler,137,0,filler_ungram,4,Neut,0,144N,Instr,0,2,на,Да,Да,1.0,350.0,350.0,0.0,0.0,0.0,0.0,0.0
98,filler,137,0,filler_ungram,4,Neut,0,144N,Instr,0,3,школой,Да,Да,1.0,651.0,901.0,651.0,651.0,651.0,1.0,0.0
98,filler,137,0,filler_ungram,4,Neut,0,144N,Instr,0,4,достаточно,Да,Да,1.0,248.0,1048.0,248.0,1048.0,1648.0,1.0,1.0
98,filler,137,0,filler_ungram,4,Neut,0,144N,Instr,0,5,средств,Да,Да,1.0,0.0,0.0,0.0,0.0,0.0,0.0,0.0
98,filler,137,0,filler_ungram,4,Neut,0,144N,Instr,0,6,из,Да,Да,1.0,0.0,0.0,0.0,0.0,0.0,0.0,0.0
98,filler,137,0,filler_ungram,4,Neut,0,144N,Instr,0,7,бюджета.,Да,Да,1.0,250.0,250.0,250.0,250.0,250.0,1.0,0.0
98,filler,138,0,filler_gram,5,Neut,0,144Y,Acc,0,0,Государство,,%2c#,99.0,799.0,799.0,799.0,799.0,799.0,1.0,0.0
98,filler,138,0,filler_gram,5,Neut,0,144Y,Acc,0,1,тратит,,%2c#,99.0,350.0,350.0,350.0,350.0,350.0,1.0,0.0
98,filler,138,0,filler_gram,5,Neut,0,144Y,Acc,0,2,на,,%2c#,99.0,0.0,0.0,0.0,0.0,0.0,0.0,0.0
98,filler,138,0,filler_gram,5,Neut,0,144Y,Acc,0,3,школу,,%2c#,99.0,501.0,501.0,501.0,501.0,501.0,1.0,0.0
98,filler,138,0,filler_gram,5,Neut,0,144Y,Acc,0,4,достаточно,,%2c#,99.0,299.0,299.0,299.0,299.0,299.0,1.0,0.0
98,filler,138,0,filler_gram,5,Neut,0,144Y,Acc,0,5,средств,,%2c#,99.0,351.0,351.0,351.0,351.0,351.0,1.0,0.0
98,filler,138,0,filler_gram,5,Neut,0,144Y,Acc,0,6,из,,%2c#,99.0,0.0,0.0,0.0,0.0,0.0,0.0,0.0
98,filler,138,0,filler_gram,5,Neut,0,144Y,Acc,0,7,бюджета.,,%2c#,99.0,0.0,0.0,0.0,0.0,0.0,0.0,0.0
99,adjectives,996,p,practice,99,F,Match,practice1,,,0,В,Нет,Нет,1.0,0.0,0.0,0.0,0.0,0.0,0.0,0.0
99,adjectives,996,p,practice,99,F,Match,practice1,,,1,газете,Нет,Нет,1.0,1300.0,1300.0,0.0,0.0,0.0,0.0,0.0
99,adjectives,996,p,practice,99,F,Match,practice1,,,2,отвратительная,Нет,Нет,1.0,600.0,1250.0,600.0,1250.0,2550.0,1.0,1.0
99,adjectives,996,p,practice,99,F,Match,practice1,,,3,статья,Нет,Нет,1.0,350.0,350.0,350.0,350.0,350.0,1.0,0.0
99,adjectives,996,p,practice,99,F,Match,practice1,,,4,про,Нет,Нет,1.0,199.0,599.0,199.0,199.0,199.0,1.0,0.0
99,adjectives,996,p,practice,99,F,Match,practice1,,,5,поведение,Нет,Нет,1.0,1101.0,1401.0,1101.0,1401.0,1801.0,1.0,1.0
99,adjectives,996,p,practice,99,F,Match,practice1,,,6,россиян,Нет,Нет,1.0,300.0,300.0,300.0,300.0,300.0,1.0,0.0
99,adjectives,996,p,practice,99,F,Match,practice1,,,7,за,Нет,Нет,1.0,0.0,0.0,0.0,0.0,0.0,0.0,0.0
99,adjectives,996,p,practice,99,F,Match,practice1,,,8,границей.,Нет,Нет,1.0,501.0,501.0,501.0,501.0,501.0,1.0,0.0
99,verbs,997,p,practice,99,M,Mis,practice2,,,0,На,,%2c#,99.0,600.0,951.0,600.0,600.0,600.0,1.0,0.0
99,verbs,997,p,practice,99,M,Mis,practice2,,,1,скамейке,,%2c#,99.0,351.0,851.0,351.0,351.0,351.0,1.0,0.0
99,verbs,997,p,practice,99,M,Mis,practice2,,,2,сидела,,%2c#,99.0,500.0,1250.0,500.0,500.0,500.0,1.0,0.0
99,verbs,997,p,practice,99,M,Mis,practice2,,,3,футболист,,%2c#,99.0,499.0,1498.0,499.0,499.0,499.0,1.0,0.0
99,verbs,997,p,practice,99,M,Mis,practice2,,,4,Зенита,,%2c#,99.0,451.0,752.0,451.0,752.0,1602.0,1.0,1.0
99,verbs,997,p,practice,99,M,Mis,practice2,,,5,в,,%2c#,99.0,199.0,499.0,199.0,199.0,199.0,1.0,0.0
99,verbs,997,p,practice,99,M,Mis,practice2,,,6,форменных,,%2c#,99.0,601.0,1500.0,601.0,601.0,601.0,1.0,0.0
99,verbs,997,p,practice,99,M,Mis,practice2,,,7,бутсах.,,%2c#,99.0,300.0,1050.0,300.0,1050.0,3999.0,1.0,1.0
99,pred_adjectives,998,p,practice,99,F,Mis,practice3,,,0,Всегда,,%2c#,99.0,500.0,1000.0,0.0,0.0,0.0,0.0,0.0
99,pred_adjectives,998,p,practice,99,F,Mis,practice3,,,1,огорчителен,,%2c#,99.0,0.0,0.0,0.0,0.0,0.0,0.0,0.0
99,pred_adjectives,998,p,practice,99,F,Mis,practice3,,,2,неудача,,%2c#,99.0,351.0,1952.0,351.0,1502.0,2002.0,1.0,1.0
99,pred_adjectives,998,p,practice,99,F,Mis,practice3,,,3,в,,%2c#,99.0,600.0,799.0,600.0,600.0,1550.0,1.0,1.0
99,pred_adjectives,998,p,practice,99,F,Mis,practice3,,,4,достижении,,%2c#,99.0,400.0,400.0,400.0,400.0,400.0,1.0,0.0
99,pred_adjectives,998,p,practice,99,F,Mis,practice3,,,5,намеченных,,%2c#,99.0,600.0,600.0,600.0,600.0,799.0,1.0,1.0
99,pred_adjectives,998,p,practice,99,F,Mis,practice3,,,6,планов.,,%2c#,99.0,700.0,700.0,700.0,700.0,700.0,1.0,0.0
99,num,999,p,practice,99,M,Match,practice4,,,0,По,Два,Два,1.0,600.0,600.0,600.0,600.0,600.0,1.0,0.0
99,num,999,p,practice,99,M,Match,practice4,,,1,дорожке,Два,Два,1.0,201.0,201.0,201.0,201.0,201.0,1.0,0.0
99,num,999,p,practice,99,M,Match,practice4,,,2,бежали,Два,Два,1.0,249.0,249.0,249.0,249.0,249.0,1.0,0.0
99,num,999,p,practice,99,M,Match,practice4,,,3,два,Два,Два,1.0,300.0,550.0,300.0,300.0,300.0,1.0,0.0
99,num,999,p,practice,99,M,Match,practice4,,,4,пса,Два,Два,1.0,451.0,451.0,451.0,451.0,451.0,1.0,0.0
99,num,999,p,practice,99,M,Match,practice4,,,5,необычного,Два,Два,1.0,349.0,1700.0,349.0,349.0,349.0,1.0,0.0
99,num,999,p,practice,99,M,Match,practice4,,,6,цвета.,Два,Два,1.0,250.0,501.0,250.0,501.0,2102.0,1.0,1.0
